Organization,Email
Covid-19 Finanzierungsagentur des Bundes GmbH,
Marktgemeinde St. Andrä-Wördern,
AMAG service GmbH,philipp.hoelzlwimmer@amg.at
Veterinärmedizinische Universität Wien,mats.schroeder@kwr.at
"Versicherungsanstalt öffentlich Bediensteter, Eisenbahnen und Bergbau (BVAEB)",
TEST Wiener Zeitung,johann.peleska@wienerzeitung.at
Bundeskanzleramt,andreas.heindl@bka.gv.at
ASFINAG,andrea.ginner@asfinag.at
Stadtgemeinde Schwechat,abteilung10@schwechat.gv.at
"Melker Kommunalimmobilienverwaltungs Gesellschaft m.b.H. ",u.reisinger@gmail.com
TEST AG,
Melker Kommunalimmobilienverwaltungs Gesellschaft m.b.H.,u.reisinger@gmail.com
WV Aichfeld Murboden,
ÖBB-Infrastruktur AG,johannes.szankovich@oebb.at
ÖBB-Produktion Gesellschaft mbH,martin.reinwald@pv.oebb.at
ÖBB-Infrastruktur Aktiengesellschaft,astrid.holzhofer-tunner@oebb.at
Brucker Wohnbau- und Siedlungsvereinigung eingetragene gemeinnützige Genossenschaft mit beschränkter Haftung,andreas.doppelhofer@baumeister-kraus.at
"ÖBB Technische Services GmbH ",michael.grasel@oebb.at
ÖBB-Infrastruktur Aktiengesellschaft,christian.satzl@oebb.at
ÖBB-Technische Services - Gesellschaft mbH,thomas.eigner@oebb.at
Marktgemeinde Wilhering,gemeinde@wilhering.at
ÖBB-Technische Services-Gesellschaft mbH,robert.ziegler@pv.oebb.at
Marktgemeinde St. Wolfgang im Salzkammergut,gemeindeamt@st-wolfgang.ooe.gv.at
ÖBB-Technische Services Gesellschaft mbH,robert.ziegler@pv.oebb.at
ÖBB-Holding AG mit allen verbundenen Unternehmen,Leonard.Schuler@oebb.at
Österreichische Post AG,mehmet.esme@post.at
VERBUND AG,stefan.hasenberger@verbund.com
Österreichische Forschungsförderungsgesellschaft mbH,felicitas.zacherl@ffg.at
ÖBB-Holding AG mit allen verbundenen Unternehmen,Michael.Grasel@oebb.at
Marktgemeinde Leobersdorf,
Austro Control GmbH,
Bundesministerium für Finanzen,
"Wiener Zeitung Digitale Publikationen GmbH ",antonia.bittermann@liebenwein.eu
Energy Community,procurement@energy-community.org
ÖBB Infrastruktur AG,manfred.lientschnig@oebb.at
Gemeinde Weiler,
Österreichisches Patentamt,
ÖBB-Infrastruktur AG,Christoph.Ornter@oebb.at
ÖBB-Infrastruktur AG,manfred.lientschnig@oebb.at
VERBUND AG,
ÖBB-Infrastruktur AG,bernhard.weinberg@oebb.at
ÖBB-Infrastruktur AG,robert.schoepf@oebb.at
NÖ Beteiligungsgesellschaft für Abfallwirtschaft und Umweltschutz GmbH,herbert.permoser@bawu.at
Österreichische Post AG,gerd.goelss-neubauer@post.at
ÖBB-Holding AG mit allen verbundenen Unternehmen,simon.weinand@oebb.at
ÖBB-Infrastruktur AG,Manfred.Lientschnig@oebb.at
OMV Downstream GmbH,erika.janott@omv.com
Gemeindeverband für Abgabeneinhebung und Umweltschutz im Bezirk Krems,office@astepahead-law.at
ÖBB-Holding AG mit allen verbundenen Unternehmen,saman.hekmat@oebb.at
OeAD-GmbH - Agentur für Bildung und Internationalisierung,izeta.dzidic@oead.at
Arbeitsmarktservice Österreich,alexandra.tippow@ams.at
Universität Innsbruck,wolfgang.lentsch@uibk.ac.at
Marktgemeinde Seewalchen am Attersee,gemeinde@seewalchen.eu
"Bundesministerium für Klimaschutz, Umwelt, Energie, Mobilität, Innovation und Technologie",
Marktgemeinde Sonntagberg,gemeinde@sonntagberg.gv.at
ÖBB-Infrastruktur AG,Peter.Pollheimer@oebb.at
Austro Control Österreichische Gesellschaft für Zivilluftfahrt mit beschränkter Haftung,vergabeservices@austrocontrol.at
Stadtgemeinde Steyregg,office@steyregg.at
Stadtgemeinde Freistadt Eisenstadt,
Wien 3420 Aspern Development AG,katharina.trettnak-hahnl@kwr.at
Wiener Zeitung GmbH,
"ÖBB Infrastruktur AG  ",Peter.Pollheimer@oebb.at
Landeszahnärztekammer für Wien,katharina.trettnak-hahnl@kwr.at
Marktgemeinde Königstetten,gemeindeamt@koenigstetten.gv.at
"Bundesministerium für Klimaschutz, Umwelt, Energie, Mobilität, Innovation und Technologie, Abteilung III 1",iii1@bmk.gv.at
VERBUND Energy4Customers,
Veterinärmedizinische Universität Wien,
ÖBB-Technische Services Gesellschaft mbH,michael.grasel@oebb.at
Stadtgemeinde Klosterneuburg,
Gemeinde Trausdorf an der Wulka,
"GABL, Gemeindeverband für Abfallbehandlung Bezirk Bruck an der Leitha",ztbuero@paikl.at
Arbeitsmarktservice,alois.rigam@ams.at
VERBUND Energy4Customers GmbH,
VERBUND Energy4Business GmbH,
Benediktinerstift Lambach,betriebe@stift-lambach.at
Melker Kommunalimmobilienverwaltungs Gesellschaft m.b.H.,
"Marktgemeinde Zeillern ",friedrich.pallinger@zeillern.gv.at
Melker Kommunalimmobilienverwaltungs Gesellschaft m.b.H,
Gemeinde Munderfing,gemeinde@munderfing.ooe.gv.at
ÖBB-Holding AG mit allen verbundenen Unternehmen,michael.hoelzl@oebb.at
Österreichische Forschungsförderungsgesellschaft mbH.,
Theater in der Josefstadt Betriebsgesellschaft m.b.H.,theater-josefstadt@kwr.at
Bundesministerium für Finanzen,reinhard.heissig@bmf.gv.at
ÖBB-Personenverkehr AG,jack.lahdo@oebb.at
Krankenfürsorgeanstalt der Bediensteten der Stadt Wien (KFA),Serdar.Zeisl@kfawien.at
Gemeinde Gießhübl,office@kb-partner.at
Bundesministerium für Finanzen,martin.kresnicka@bmf.gv.at
ÖBB-Holding AG mit allen verbundenen Unternehmen,harald.lechner@oebb.at
ÖBB-Werbung GmbH,gerald.walter@oebb.at
FFG,
Sozialversicherungs-Chipkarten Betriebs- und Errichtungsgesellschaft m.b.H. - SVC,
ÖBB-Infrastruktur AG,gudrun.pfadenhauter@oebb.at
Wassergenossenschaft Dielach-Breitenstein-Mail,
Wiener Zeitung GmbH,antonia.bittermann@liebenwein.eu
FWF - Österreichischer Wissenschaftsfonds,stefan.kranewitter@fwf.ac.at
ÖBB-Technische Services GmbH,michael.grasel@oebb.at
"
ÖBB-Werbung GmbH",harald.lechner@oebb.at
ÖBB-Business Competence Center GmbH,michael.perko@oebb.at
ÖBB - Business Competence Center GmbH,marija.agardi@oebb.at
ÖBB-Immobilienmanagement GmbH,sebastian.harbich@oebb.at
Ludwig Boltzmann Gesellschaft - Österreichische Vereinigung zur Förderung der wissenschaftlichen Forschung,arnulf.lechner@lbg.ac.at
ÖBB-Personenverkehr Aktiengesellschaft,martin.reinwald@pv.oebb.at
ÖBB-Infrastruktur AG,peter.pollheimer@oebb.at
ÖBB-Technische Services-GmbH,Robin.Burton@oebb.at
ÖBB-Technische Services Gesellschaft mbH,peter.polheimer@oebb.at
Marktgemeinde Großmugl,gemeindeamt@grossmugl.gv.at
ÖBB-Personenverkehr AG,martin.reinwald@pv.oebb.at
Österreichische Forschungsförderungsgesellschaft mbH,
Gemeinde Wildermieming,
Wiener Gesundheitsförderung gemeinnützige GmbH,kinsky@kinsky-consulting.at
Gemeinde Kasten bei Böheimkirchen,gemeinde@gde-kasten.at
Austrian Development Agency,vergabe@ada.gv.at
Austro Control GmbH,vergabeservices@austrocontrol.at
Marktgemeinde Regau,bauamt@regau.ooe.gv.at
ÖBB-Werbung GmbH,harald.lechner@oebb.at
ÖBB Infrastruktur AG,johann.fidler@oebb.at
"Bundesministerin für Klimaschutz, Umwelt, Energie, Mobilität, Innovation und Technologie",
Marktgemeinde Strengberg,
Landeszahnärztekammer für Wien,
ÖBB-Holding AG mit allen verbundenen Unternehmen,robert.slatner@oebb.at
EBG MedAustron GmbH,office@medaustron.at
ÖBB-Technische Services Gesellschaft mbH,gerald.walter@oebb.at
ÖBB-Holding AG mit allen verbundenen Unternehmen,eva-maria.kindl@oebb.at
Rail Equipment GmbH & Co KG,johann.fidler@oebb.at
A.ö. Bezirkskrankenhaus St. Johann in Tirol,office@architektengruppe-p3.at
NÖ BAWU - Niederösterreichische Beteiligungsgesellschaft für Abfallwirtschaft und Umweltschutz GmbH,herbert.permoser@bawu.at
Österreichische Post AG,Tanja.Mueller@post.at
Stadtgemeinde Schwanenstadt,stadtamt@schwanenstadt.ooe.gv.at
Österreichische Postbus AG,tanja.manfreda@postbus.at
Austrian Development Agency,
OeAD-GmbH - Agentur für Bildung und Internationalisierung,
Österreichische Post AG,Christoph.Suchy@post.at
Bundesministerium für Landesverteidigung,
Stadtgemeinde Korneuburg,
Gemeinde Neukirchen an der Vöckla,gemeinde@neukirchen-voeckla.ooe.gv.at
ÖBB-Personenverkehr AG,robert.ziegler@pv.oebb.at
Klima- und Energiefonds,
Gemeinde Neukirchen an der Vöckla,
Universität Innsbruck,Vergabewesen-FA@uibk.ac.at
Gemeindeverband für Abfallwirtschaft im Raum Schwechat,florian.keschmann@astepahead-law.at
RailNetEurope,andrejs.lepskis@rne.eu
Gemeinde Kramsach,
Gemeinde Mönchhof,
ÖBB-Holding AG mit allen verbundenen Unternehmen,jack.lahdo@oebb.at
ÖBB-Infrastruktur AG,zsolt.kovacs5@oebb.at
"Gemeindeverband für Abfallwirtschaft und Abgabeneinhebung im Verwaltungsbezirk Baden ",florian.keschmann@astepahead-law.at
Österreichische Post AG,dominik.fischer@post.at
Marktgemeinde St. Leonhard am Forst,
Marktgemeinde Großpetersdorf,
Stadtwerke Bregenz GmbH,
Ärztekammer für Kärnten,wurzer@aekktn.at
ÖBB-Holding AG mit allen verbundenen Unternehmen,sebastian.harbich@oebb.at
Marktgemeinde Kottingbrunn,office@kb-partner.at
Marktgemeinde Ober-Grafendorf,
"a.ö. Krankenhaus St. Vinzenz Zams Betriebs GmbH, Sanatoriumstr. 43, A-6511 Zams",bernhard.guggenbichler@krankenhaus-zams.at
Österreichische Post AG,engelbert.poelki@post.at
a.ö. Krankenhaus St. Vinzenz Zams Betriebs GmbH,Bernhard.Guggenbichler@krankenhaus-zams.at
Marktgemeinde Maria Saal,andrea.steiner-pirker@ktn.gde.at
VERBUND Green Power Deutschland GmbH,bernhard.kranz@verbund.com
Rail Equipment GmbH & Co KG,robert.ziegler@pv.oebb.at
Tourismusverband Serfaus-Fiss-Ladis,d.petter@serfaus-fiss-ladis.at oder k.lentsch@serfaus-fiss-ladis.at
"Marktgemeinde Zeillern 
",friedrich.pallinger@zeillern.gv.at
ÖBB-Technische Services-Gesellschaft mbH,michael.grasel@oebb.at
NÖ BAWU Niederösterreichische Beteiligungsgesellschaft für Abfallwirtschaft und Umweltschutz GmbH,florian.keschmann@astepahead-law.at
ÖBB-Holding AG mit allen verbundenen Unternehmen,alexander.feigl@oebb.at
ÖBB-Technische Services-Gesellschaft mbH,martin.reinwald@pv.oebb.at
Marktgemeinde Weiden am See,
"
ÖBB-Produktion GmbH",martin.reinwald@pv.oebb.at
ÖBB-Technische Services-Gesellschaft mbH,zsolt.kovacs5@oebb.at
Marktgemeinde Klein-Pöchlarn,office@kleinpoechan.at
Teil-Generalunternehmerleistungen betreffend technische Gebäudeausrüstung zwecks Errichtung eines Kindergartens,office@kb-partner.at
ÖBB-Holding AG mit allen verbundenen Unternehmen,leonard.schuler@oebb.at
Österreichische Post AG,johanna.maschek@post.at
Bezirkskrankenhaus Kufstein,
ÖBB-Holding AG mit allen verbundenen Unternehmen,mathias.kawinek@oebb.at
St. Antoner - Fremdenverkehrs - Förderungsgesellschaft m.b.H.,peter.mall@arlberg-well.com
FWF - Österreichischer Wissenschaftsfonds,office@fwf.ac.at
Melker Kommunal- und Immobilienverwaltungsgesellschaft GmbH,u.reisinger@gmail.com
"Austro Control GmbH ",vergabeservices@austrocontrol.at
VERBUND AG,franz-christoph.sulzmann@verbund.com
Marktgemeinde Gresten,
ÖBB-Technische Services-Gesellschaft mbH,peter.pollheimer@oebb.at
Österreichische Forschungsförderungsgesellschaft mbH,sophia.huettmair@ffg.at
Österreichische ForschungsförderungsgesellschaftmbH,felicitas.zacherl@ffg.at
Wassergenossenschaft Stetteldorf,
Gemeindeverband für Abfallwirtschaft im Raum Schwechat,
Rail Equipment GmbH & CO KG,johann.fidler@oebb.at
voestalpine Stahl Donawitz GmbH,
Nationalpark Donau-Auen GmbH,
"GABL, Gemeindeverband für Abfallbehandlung Bezirk Bruck an der Leitha",
Ludwig Boltzmann Gesellschaft,arnulf-lechner@lbg.ac.at
Wiener Stadthalle Betriebs- und Veranstaltungsges.m.b.H.,
Marktgemeinde Schwadorf,ausschreibung@wg-a.com
Gemeinde Gießhübl,
AMAG service GmbH,philipp.hoelzlwimmer@amag.at
Gemeinde Gießhübl,office@fp-arch.at
Bezirkskrankenhaus Kufstein,Gerhard.Kapfinger@bkh-kufstein.at
Austrian Research Promotion Agency (Österreichische Forschungsförderungsgesellschaft mbH – FFG),evergabe@fsm.law
Austro Control Österreichische Gesellschaft für Zivilluftfahrt,vergabeservices@austrocontrol.at
Medizinische Universität Graz,medcampus.m2@rieglerriewe.co.at
Austrian Development Agency (ADA),vergabe@ada.gv.at
"Land Niederösterreich, p.A. Amt der NÖ Landesregierung, Abteilung Gebäude- und Liegenschaftsmanagement",ausschreibungen@heid-partner.at
AUOBAHNEN-UND SCHNELLSTRASSEN-FINANZIERUNGS-AKTIENESELLSCHAFT,bernd007@inode.at
"
Bundesverwaltungsgericht",einlaufstelle@bvwg.gv.at
Gemeinde Zell am Pettenfirst,sandra.klein@zell-pettenfirst.ooe.gv.at
Marktgemeinde Türnitz,
Lehrlingshäuser der Wirtschaftskammer Steiermark Betriebsgesellschaft mbH,gertrud.haas@wkstmk.at
Wiener Zeitung GmbH,evergabe@fsm.law
Kindergarten Lanzendorf,
Abwasserverband Wörthersee West,gwagner@awvww.at
Gemeinde Lanzendorf,
Rail Euipment GmbH & Co KG,johann.fidler@oebb.at
Theater in der Josefstadt Betriebsgesellschaft m.b.H.,katharina.trettnak-hahnl@kwr.at
"Bundesministerium für Klimaschutz, Umwelt, Energie, Mobilität, Innovation und Technologie",felicitas.zacherl@ffg.at
Marktgemeinde Ruprechtshofen,
Österreichische Post AG,mehmet.esme@hotmail.com
St. Antoner - Fremdenverkehrs - Förderungsgesellschaft m.b.H.,wellness@arlberg-wellcom.at
EDA Energiewirtschaftlicher Datenaustausch GmbH,
Reinhaltungserband Neusiedlersee - Westufer,
RailNetEurope,andras.till@rne.eu
Zaya Wasserverband Drösing-Ebersdorf,
Abwasserverband Seewinkel,gerald.skala@awv-seewinkel.at
WIEN 3420 ASPERN DEVELOPMENT AG,katharina.trettnak-hahnl@kwr.at
St. Stefan im Rosental - HB Dollrath,
MG St. Stefan im Rosental,
Marktgemeinde Bisamberg,johannes.haider@bisamberg.at
"Bundesministerium für Finanzen ",
Bundesministerium für Arbeit und Wirtschaft,
Gemeindeverband für Abgabeneinhebung und Umweltschutz im Bezirk Mödling,office@gvamoedling.at
Stadtgemeinde Litschau,
Marktgemeinde St. Peter/Au,
Bildungsdirektion Salzburg,carmen.gaderer@bildung-sbg.gv.at
Stadtgemeinde Lilienfeld,
"HSI Hartberg Standortentwicklung und Immobilien GmbH & Co KG ",weber@geosys.at
Marktgemeinde St. Stefan im Rosental,
"Bildungsdirektion Salzburg, ",carmen.gaderer@bildung-sbg.gv.at
Geo Risk Environmental Services GmbH,info@georisk.at
Stadtgemeinde St. Valentin,
WWF Österreich,bettina.urbanek@wwf.at
Medizinische Universität Graz,
Lehrlingshäuser der Wirtschaftskammer Steiermark Betriebsgesellschaft mbH,
Marktgemeinde Molln,
AEFE - Lycée Français,office@atelier-grell.at
" Bundesministerium für Klimaschutz, Umwelt, Energie, Mobilität, Innovation und Technologie",felicitas.zacherl@ffg.at
"OeAD-GmbH Agentur für Bildung und Internationalisierung ",izeta.dzidic@oead.at
Marktgemeinde Jenbach,
Bundeskanzleramt,
Bogenoffset-RFQ der Österreichischen Post AG,mehmet.esme@post.at
Regionalmanagement Landeck-RegioL,jochum@regioL.at
Klima- und Energiefonds,felicitas.zacherl@ffg.at
"Bundesministerium für Klimaschutz, Umwelt, Energie, Mobilität, Innovation und Technologie (BMK)",
Regionalmanagement Region Imst,
GEO RISK Environmental Servies GmbH,inf@georisk.at
Markgemeinde Pischelsdorf am Kulm,gde@pischelsdorf-kulm.gv.at
Stadtgemeinde Hartberg,weber@geosys.at
"Bundesministerium für Klimaschutz, Umwelt, Energie, Mobilität, Innovation und Technologie (BMK)",servicebuero@bmk.gv.at
Gemeindeverband A.ö. BKH Kufstein,hartmut.bergmeister@bkh-kufstein.at
Regionalmanagement Wipptal,s.richter@regio-wipptal.at
Verein Regionalentwicklung Außerfern - REA,info@rea.tirol
"Austro Control Österreichische Gesellschaft für Zivilluftfahrt GmbH ",vergabeservices@austrocontrol.at
Gemeinde Tiefgraben,tiefgraben@mondseelandgemeinden.at
"Bundeskanzleramt ",andreas.heindl@bka.gv.at
FWF - Österreichischer Wissenschaftsfonds,
Kindergarten Lanzendorf,m.sattler@lanzendorf.at
Marktgemeinde Aflenz,g.pichler@aflenz.gv.at
Gemeinde Lech,
Reinhalteverband Salzach-Pongau,office@rhv-salzach-pongau.at
Marktgemeinde Brunn am Gebirge,office@kb-partner.at
Regionalmanagement Kitzbüheler Alpen,
Gemeinde Tiefgraben,tiefgraben@mondselandgemeinden.at
Regionalmanagement Innsbruck-Land,
Gemeinde Mönchhof,post@moenchhof.bgld.gv.at
Marktgemeinde Neuhofen/Ybbs,
Gemeinde Gaschurn,
Gemeinde Frauenstein,juergen.bleikolb@ktn.gde.at
Österreichische Post AG,mohammad.safarha@post.at
Arbeitsmarktservice Österreich,
"""Theater in der Josefstadt"" Betriebsgesellschaft m.b.H.",
A.ö. BKH Kufstein,office@mtpgmbh.at
Gemeinde Opponitz,
Marktgemeinde Bisamberg,bisamberg@bisamberg.at
Bundeskanzleramt,recht@bka.gv.at
Autobahnen- und Schnellstraßen-Finanzierungs-AG,manuelc.scheiwiler@asfinag.at
Bundeskanzleramt,vergabe@bka.gv.at
Autobahnen- und Schnellstraßen-Finanzierungs AG,manuelc.scheiwiler@asfinag.at
Stadtgemeinde Traismauer,stadtgemeinde@traismauer.at
Schauspielhaus Wien GmbH,vergabe@cerhahempel.com
VERBUND Energy4Business GmbH,procurement@verbund.com
Gemeinde Hohe Wand,arch.bernold@mbarchitects.at
Gemeinde Burgkirchen,office@kup-zt.at
Gemeinde St. Pantaleon-Erla,
Gemeindeverband für Abgabeneinhebung und Umweltschutz im Bezirk Mödling,
Gemeinde Gießhübl,c.kreminger@fp-arch.at
Innwerk AG,joerg.schreiner@verbund.com
Austrian Research Promotion Agency (FFG),vergabeverfahren@fsm.law
GEO RISK Environmental Services GmbH,info@georisk.at
EBG MedAustron GmbH,office@ra-wiese.at
Marktgemeinde Kalwang,gde@kalwang.gv.at
Gemeindeabwasserverband Südöstliches Tullnerfeld,gav.soetullnerfeld@speed.at
Marktgemeinde Langau,
Wien 3420 aspern Development AG,katharina.trettnak-hahnl@kwr.at
Stadtwerke Bregenz GmbH,oliver.drees@stadtwerke-bregenz.at
Gemeindeverband für Aufgaben des Umweltschutzes im Gerichtsbezirk Laa an der Thaya,gaul@gaul-laa.at
Wirtschaftsagentur Wien. Ein Fonds der Stadt Wien.,katharina.trettnak-hahnl@kwr.at
PI_3041_Grafikagentur_2025-2028,mehmet.esme@post.at
VERBUND AG,Marc.Dworak@verbund.com
Arbeitsmarktservice Österreich,ams.inf@ams.at
Marktgemeinde Guntramsdorf,
AI AG,cbaltes@ai-ag.de
Energy Community Secretariat,procurement@energy-community.org
Stadtgemeinde Mariazell,
Gemeinde Lochen,
Österreichische Forschungsförderungsgesellschaft mbH,recht@ffg.at
Stadtgemeinde Mödling,office@kb-partner.at
Fachhochschul-Studiengänge Betriebs- und Forschungseinrichtungen der Wiener Wirtschaft GmbH,office@terzaki.at
Salzwelten GmbH,salzwelten-hallein-neuinszenierung@heid-partner.at
Flughafen Wien AG,"a.unger@viennaairport.com, a.unger@viennaairport.com"
FHW Fachhochschul-Studiengänge Betriebs- und Forschungseinrichtungen der Wiener Wirtschaft GmbH,"office@terzaki.at, office@terzaki.at"
Wasserverband Hofsteig,office@rgpzt.at
"Land Steiermark, Abt. 14, Referat Wasserwirtschaftliche  Planung",abteilung14@stmk.gv.at
Kaunertaler Gletscherbahnen GmbH,office@zt-gstrein.at
Die Innovationsstiftung für Bildung,recht@oead.at
"Bundesministerium für Arbeit, Soziales, Gesundheit und Konsumentenschutz",kanzlei@schramm-oehler.at
Marktgemeinde Eggelsberg,gemeindeamt@eggelsberg.ooe.gv.at
Autobahnen und Schnellstrassen Finazierungs AG,heinz-christian.bruenner@asfinag.at
Gemeinde Stadl-Predlitz,gde@stadl-predlitz.gv.at
Autobahnen und Schnellstrassen Finanzierungs AG,heinzchristian.bruenner@asfinag.at
Marktgemeinde Rohrbach bei Mattersburg,post@rohrbach-mattersburg.bgld.gv.at
Münze Österreich AG,
Steiermärkische Gebietskrankenkasse,wolfgang.milbradt@stgkk.at
"Gemeinde Alberschwende, Hof 3, 6861 Alberschwende","office@rgpzt.at, office@rgpzt.at"
Bildungsdirektion für Steiermark,sabine.habicht@bildung-stmk.gv.at
Oesterreichische Banknoten- und Sicherheitsdruck GmbH,
Wasserleitungsverband Nördliches Burgenland,technik@wasserleitungsverband.at
Bundesamt für Eich- und Vermessungswesen,CD2019@bev.gv.at
Österreichische Akademie der Wissenschaften - Institut für Quantenoptik und Quanteninformation - IQOQI Wien,
"Bundesministerium für Arbeit, Soziales, Gesundheit und Konsumentenschutz",ariane.seitner@sozialministerium.at
Schönbrunner Tiergarten-Gesellschaft m.b.H.,office@zoovienna.at
GAV Langenlois-Schönberg//K.,office@iup.at
Bundesministerium für Nachhaltigkeit und Tourismus,wolfram.tertschnig@bmnt.gv.at
Gemeinde Mehrnbach,office@woelfle-zt.at
Wiener Gebietskrankenkasse,
GA Immobilien GmbH,wpa@wpa.at
Institute of Science and Technology Austria,tendering@ist.ac.at
Parlamentsdirektion,au-parlamentsdirektion@vergabeexperten.at
Wiener Krankenanstaltenverbund,sscbetrieb@wienkav.at
Abwasserverband Leibnitzerfeld Süd,office@planconsort.at
Stadtgemeinde Deutsch-Wagram,m.deubner@archland.at
GAV Langenlois-Schönberg am Kamp,office@iup.at
ÖBB-Personenverkehr Aktiengesellschaft,ernst.grafinger@pv.oebb.at
Stadtgemeinde Groß-Siegharts,office@iup.at
Windbach-Taurachgenossenschaft,schutzwasserwirtschaft@salzburg.gv.at
Flughafen Wien AG,s.abmeier@viennaairport.com
Marktgemeinde Schruns,gemeinde@schruns.at
"Bundesministerium für Arbeit, Soziales, Gesundheit und Konsumentenschutz",benedikt.treschnitzer@sozialministerium.at
Österreichische Forschungsförderungsgesellschaft,felicitas.zacherl@ffg.at
AGGM Austrian Gas Grid Management AG,vergabe@aggm.at
Ortswärme St. Johann in Tirol GmbH,office@casati.at
Flughafen Wien AG,b.kofler@viennaairport.com
Münze Österreich AG,einkauf@austrian-mint.at
Verein Lokale Agenda 21 Wien,binder-zehetner@LA21wien.at
Stadt St. Pölten,office@autham.at
Marktgemeinde Langenzersdorf,office@iup.at
"Republik Österreich, vertreten durch BM für Nachhaltigkeit und Toursimus, vertreten durch Amt der NÖ Landesregierung, Abteilung WA2",agnes.bogensperger@porr.at
Gemeinde St. Pantaleon-Erla,office@ikw-amstetten.at
Marktgemeinde St. Peter/Au,office@ikw-amstetten.at
Austro Control Gesellschaft mit beschränkter Haftung,vergabeservices@austrocontrol.at
Verein Nationalparks Austria,vergabe@h-i-p.at
Österreichische Galerie Belvedere,
Marktgemeinde Neuhofen/Ybbs,office@ikw-amstetten.at
Verein zur Erhaltung und Erneuerung der Infrastruktur der Stadtgemeinde Oberpullendorf und Co. Kommanditgesellschaft,GP_NMS-OPD@goya.at
Flughafen Wien AG,a.unger@viennaairport.com
Gemeindeverband für Abfallwirtschaft im Raum Schwechat,j.maschl@avschwechat.at
Raab-Oedenburg-Ebenfurter Eisenbahn AG,office@casati.at
Universität Innsbruck,Wolfgang.Lentsch@uibk.ac.at
Stadtgemeinde Wolkersdorf im Weinviertel,stadtamt@wolkersdorf.at
Gemeinde Oslip,"post@oslip.bgld.gv.at, info@pieler.co.at"
Österreichische Galerie Belvedere,fasching@k-r.at
Bundesdenkmalamt,"andreas.heindl@bka.gv.at, andreas.heindl@bka.gv.at"
Marktgemeinde Zeillern,office@ikw-amstetten.at
Marktgemeinde Allhartsberg,office@ikw-amstetten.at
"Bundesministerium für Verkehr, Innovation und Technologie",
Stadtgemeinde Ebreichsdorf,office@ebreichsdorf.at
Agentur für Gesundheit und Ernährungssicherheit GmbH,
Oesterreichische Banknoten und sicherheitsdruck GmbH,
Wiener Gebietskrankenkasse,vergabeverfahren@wgkk.at
Bundesministerium für Nachhaltigkeit und Tourismus,office@balsa-gmbh.at
Österreichische Akademie der Wissenschaften,Wolfgang.Lentsch@uibk.ac.at
Marktgemeinde Kreuzstetten,marktgemeinde@kreuzstetten.gv.at
Stadtgemeinde Leoben,"kanalbau@leoben.at, j.kitzberger@bdl.at"
Niederösterreichische Verkehrsorganisationsges.m.b.H. (NÖVOG),
"Marktgemeinde Eggelsberg, Marktplatz 13, 5142 Eggelsberg",gemeindeamt@eggelsberg.ooe.gv.at
Bundesministerium für Nachhaltigkeit und Tourismus vertreten durch Magistratsabteilung 45 - Wiener Gewässer im Wege der Wiener Gewässer Management GmbH (WGM),"post@wgm.wien.at, post@wgm.wien.at"
Marktgemeinde Gunskirchen,gemeinde@gunskirchen.ooe.gv.at
Wasserverband Mittleres Burgenland,info@pieler.co.at
Gemeinde Weiler,gemeindeamt@gemeinde-weiler.at
Freiwillige Feuerwehr Wiener Neustadt,office@ffwn.at
Institute of Science and Technology Austria,
FF Palt,N10515@feuerwehr.gv.at
Gemeinde Viehdorf,office@ikw-amstetten.at
Messe Tulln,info@zp-zt.at
Marktgemeinde Gratkorn,office@neger-ulm.at
"Bundesminister für Verkehr, Innovation und Technologie, pA Bundesministerium für Verkehr, Innovation und Technologie, Sektion III, Bereich Innovation, Abteilung I-3, Energie- und Umwelttechnologien („BMVIT“)",h.kuechli@shmp.at
VERBUND AG,mathias.hofbauer@verbund.com
Krankenfürsorgeanstalt der Bediensteten der Stadt Wien – KFA,office@santesis.at
Stadtgemeinde Mattighofen,office@mattighofen.at
"Bundesministerium für Arbeit, Soziales, Gesundheit und Konsumentenschutz",andreas.zwedler@sozialministerium.at
Landwirtschaftliche Bundesversuchswirtschaften GmbH,office@heid-partner.at
Stadtgemeinde Mureck,kiga-mureck@wolftheiss.com
Steiermärkische Gebietskrankenkasse,marion.raudner@stgkk.at
KHM-Museumsverband,angelika.polster@khm.at
Land Oberösterreich,gbm.post@ooe.gv.at
Profactor GmbH,standort@profactor.at
Freiwillige Feuerwehr Wurmbrand,philipp.rurlander@feuerwehr.gv.at
Abwasserverband Eisenstadt Eisbachtal,office@awv-eisenstadt.at
Marktgemeinde Stegersbach,eisenstadt@daxundpartner.at
Niederösterreichische Gebietskrankenkasse,ProjektPoechlarn@noegkk.at
VERBUND Sales GmbH,
Österreichische Nationalbibliothek,
Stadtgemeinde KLOSTERNEUBURG,office@micheljak.at
VERBUND Trading GmbH,
Vorarlberger Energienetze GmbH,
"Stadtgemeinde Enns, Hauptplatz 11, 4470 Enns",w.gurtner@enns.ooe.gv.at
Energie West Management und Service GmbH,j.buchauer@energiewest.at
Marktgemeinde Telfs,hkw@hkwinkler.com
Raab-Oedenburg-Ebenfurter Eisenbahn AG-GYSEV Zrt.,office@casati.at
Marktgemeinde Altmünster,peter.pesendorfer@altmuenster.ooe.gv.at
Bundesamt für Eich- und Vermessungswesen,
Wasserverband Hofsteig,
"Gemeindeverband Abwasserbeseitigung Raum Bad Vöslau, A-2540 Bad Vöslau, Wienerstraße 10",h.kuechli@shmp.at
Marktgemeinde St. Peter in der Au,maderthaner@stpeterau.at
Wasserverband Hofstesig,
AMS Österreich,
Bundesministeriumg für Nachhaltigkeit und Tourismus,Abt-56@bmnt.gv.at
Gemeinde Neukirchen an der Vöckla,leitner@neukirchen-voeckla.ooe.gv.at
Abwasserverband Leiblachtal,
Gemeinde Neukirchen an der Vöckla,leitner@neukirchen.voeckla.ooe.gv.at
Marktgemeinde Sattledt,humer@sattledt.ooe.gv.at
"Landesinnung BAU OÖ, Hessenplatz 3, 4020 Linz",kopececk@ooe.bauakademie.at
Freiwillige Feuerwehr Teesdorf,juergen.rudolf@feuerwehr.gv.at
ELGA GmbH,kinsky@kinsky-consulting.at
Universität Innsbruck,
evn wasser GmbH,oliver.augustin@evn.at
Marktgemeinde Großmugl,buergermeister@grossmugl.gv.at
Stadtgemeinde Langenlois,office@iup.at
Bildungsdirektion Steiermark,
Gemeinde Pfaffstätt,office@kulturtechnik.at
evn wasser GmbH,marco.witti@evn.at
Marktgemeinde Waldegg,post.wa3industrieviertel@noel.gv.at
Stadtgemeinde Pregarten,office@kulturtechnik.at
Bundeskammer der ZiviltechnikerInnen,office@arching.at
Wasserleitungsverband Nördliches Burgenland,
BVA-Versicherungsanstalt öffentlich Bediensteter,Wolfgang.Koeberl@bva.at
Netz Niederösterreich GmbH,dieter.kittel@evn.at
Netz Niederösterreich GmbH,stefan.mandl@evn.at
Marktgemeinde Rossatz-Arnsdorf,office@argearchitekten.at
Österreichische Galerie Belvedere,kaelte-belvedere@kwr.at
KHM-Museumsverband,bertrun.kos@khm.at
EVN Wärme GmbH,oliver.augustin@evn.at
Marktgemeinde Paldau,riedler@planwerkstadt.cc
Museum moderner Kunst Stiftung Ludwig Wien (MUMOK),
"Österreichische Forschungsförderungsgesellschaft mbH im Auftrag der Republik Österreich, vertreten durch das Bundesministerium für Verkehr, Innovation und Technologie (BMVIT)",
ÖGIZIN GmbH,office@kanzlei-breitenfeld.at
Sozialversicherungs-Chipkarten Betriebs- und Errichtungsgesellschaft m.b.H. - SVC,vergabeverfahren@svc.co.at
Netz Nierderösterreich GmbH,stefan.mandl@evn.at
MArktgemeinde Hausleietn,bgm@hausleiten.gv.at
"Leitha-Wasserverband II vertreten durch das Amt der NÖ Landesregierung, Abteilung Wasserbau - Regionalstelle Industrieviertel",post.wa3industrieviertel@noel.gv.at
Gemeinde Kleinzell im Mühlkreis,gemeinde@kleinzell.ooe.gv.at
Gemeinde Raggal,office@breuss-maehr.at
Abwasserverband Oberes Pölstal,awv@poelstal.gv.at
Energy Changes Projektentwicklung GmbH,gottfried.heneis@energy-changes.com
EVN Wärme GmbH,dieter.kittel@evn.at
Netz Niederösterreich GmbH,gerlinde.metz@evn.at
Kongresskultur Bregenz GmbH,rebecca.peletti@kongresskultur.com
Stadtgemeinde Hainburg/Donau,ztbuero@paikl.at
Gemeinde Höchst,office@rgpzt.at
Kärntner Gebietskrankenkasse,
Marktgemeinde Bad Pirawarth,office@kraner.at
Marktgemeinde Podersdorf am See,post@podersdorf-see.bgld.gv.at
FF Vitis,vitis@feuerwehr.gv.at
Abfallverband Schwechat,
Freiwillige Feuerwehr Lindabrunn,lindabrunn@feuerwehr.gv.at
Stadtgemeinde Poysdorf,gemeinde@poysdorf.at
Umweltdienst Burgenland GmbH,rudolf.haider@udb.at
KHM-Museumsverband,paul.hoflehner@khm.at
Marktgemeinde Strengberg,office@ikw-amstetten.at
Tullner Kommunal Immobilen KG,paul.riedler@tulln.gv.at
KHM-Museumsverband,thomas.gaisberger@khm.at
Marktgemeinde Wallsee-Sindelburg,office@ikw-amstetten.at
"Amt der burgenländischen Landesregierung, Abteilung 5 - Baudirektion",h.schaffer@mecca-consulting.at
Marktgemeinde St. Florian,office@kulturtechnik.at
Vereinigte Bühnen Wien GmbH,architekt@mramor.at
Stadtgemeinde Retz,office@iup.at
Stadtgemeinde St. Valentin,office@ikw-amstetten.at
Bildungsdirektion Wien,wolfgang.pernecker@bildung-wien.gv.at
"Gemeinde Waldneukirchen, Dorfplatz 1, 4595 Waldneukirchen",gemeinde@waldneukirchen.ooe.gv.at
Johannes Kepler Universität Linz,vergabeverfahren@jku.at
Marktgemeinde Seitenstetten,office@ikw-amstetten.at
Veterinärmedizinische Universität,christoph.zawieschitzky@vetmeduni.ac.at
Österreichische Akademie der Wissenschaften,
Kepler Universitätsklinikum GmbH,office@omniahochp.at
Gemeinde Lesachtal,kaernten@steinbacher.co.at
TWVB Münchendorf-Trumau-Oberwaltersdorf,twvb@gemeinde-muenchendorf.at
Marktgemeinde St. Stefan im Rosental,mail@tb-dormann.at
mumok - Museum moderner Kunst Stiftung Ludwig Wien,office@casati.at
Freiwillige Feuerwehr Laimbach am Ostrong,N12404009@feuerwehr.gv.at
ABBAG – Abbaumanagementgesellschaft des Bundes,
Albertina Wissenschaftliche Anstalt öffentlichen Rechts,albertina@wolftheiss.com
"Wiener Hafen Lager Ausbau- und Vermögensverwaltung, GmbH & Co KG",wolf@hafenwien.com
Netz Niederösterreich GmbH,alexander.fuhri@evn.at
Stadtgemeinde Schrems,gemeinde@schrems.at
Abfallwirtschaftsverband Hartberg,pfeifer@awv-hartberg.at
ELGA GmbH,
MG Bisamberg,bisamberg@bisamberg.at
EVN Wärme GmbH,roman.doppler@evn.at
Freiwillige Feuerwehr Brand - Laaben,ddaxboeck74@gmail.com
KHM-Museumsverband,bruno.ploner@khm.at
Austro Control Gesellschaft mit beschränkter Haftung,
Profactor GmbH,
Netz Niederösterreich GmbH,
Freiwillige Feuerwehr Eichhorn,roman.strasser@theaterservice.at
Marktgemeinde Frankenmarkt,office@russ-zt.at
Bundesdenkmalamt,
Stadtgemeinde Zistersdorf,juergen.hochmeister@zistersdorf.gv.at
Gemeinde Kleinzell im Mühlkreis,florian.hofer@kleinzell.ooe.gv.at
AWV Nördliches Liebochtal,a.philadelphy@awvgrazerfeld.at
Marktgemeinde Angern/March,gemeinde@angern.at
O.Ö. Landes-Abfallverwertungsunternehmen GmbH,logistik@lavu.at
KRAGES Burgenländische Krankenanstalten Gesellschaft m.b.H,
Umweltdienst Burgenland GmbH,office@udb.at
Freiwillige Feuerwehr Unter-Oberndorf,robert.gruber@feuerwehr.gv.at
"Bundesministerium für Arbeit, Soziales, Gesundheit und Konsumentenschutz (Sozialministerium)",kanzlei@mw-ra.at
Versicherungsanstalt öffentlich Bediensteter (BVA),bauwesen@bva.at
Marktgemeinde St. Martin-Karlsbach,office@ikw-amstetten.at
Freiwillige Feuerwehr Gföhl,gfoehl@feuerwehr.gv.at
Technisches Museum Wien mit Österreichischer Mediathek,office@kinsky-consulting.at
Netz Niederösterreich GmbH,marcus.kapeller@evn.at
Lakeside Science & Technology Park GmbH,"lakesidebau@lakeside-scitec.com, atc-lakeside02@tripolt.at"
Gemeinde Lech,info@gemeinde.lech.at
"Amt der Kärntner Landesregierung, Abteilung 10 - Land- und Forstwirtschaft, ländlicher Raum vertr. d. Agrarbehörde Kärnten","Leopold.ASTNER@ktn.gv.at, office@ibk.co.at"
Stadtgemeinde Knittelfeld,bernd.rehschuetzecker@knittelfeld.gv.at
Freiwillige Feuerwehr Traisen-Markt,armin.steindl@feuerwehr.gv.at
"NEUSTART - Bewährungshilfe, Konfliktregelung, Soziale Arbeit",
"Bundesministerium für Arbeit, Soziales, Gesundheit und Konsumentenschutz",
Österreichische Galerie Belvedere,david@engelmann.at
BMASGK,
Klima- und Energiefonds,ausschreibung@kommunalkredit.at
Marktgemeinde Pernitz,gemeinde@pernitz.co.at
"Bundesministerium für Nachhaltigkeit und Tourismus, vertreten durch das Amt der Kärntner Landesregierung, Abteilung 8",wpa@wpa.at
Freiwillige Feuerwehr Berndorf-Stadt,berndorf@feuerwehr.gv.at
EVN Wärme GmbH,stefan.mandl@evn.at
Gemeinde Weiden am See,kdt-stv@ff-weidenamsee.at
Amt der Oberösterreichischen Landesregierung,r.kunze@gutlinz.at
Österreichische Beteiligungs AG,oebag@kwr.at
Versicherungsanstalt für Eisenbahnen und Bergbau,office@terzaki.at
Stadtgemeinde Mureck,
Netz Niederösterreich GmbH,oliver.augustin@evn.at
"Marktgemeinde Altmünster, Marktstraße 21, 4813 Altmünster",office@architektur-scheutz.at
Oesterreichische Banknoten- und sicherheitsdruck GmbH,
"Wiener Hafen und Lager Ausbau- und Vermögensverwaltung, GmbH & Co KG",wolf@hafenwien.com
Stadtwerke Leoben e.U.,office@stadtwerke-leoben.at
Gemeinde Königsdorf,office@ibl-zt.at
Gemeinde Stubenberg am See,gde@stubenberg.gv.at
Österreichische Forschungsförderungsgesellschaft,
"Republik Österreich, vertreten durch die Bundesministerin für Arbeit, Soziales, Gesundheit und Konsumentenschutz",
Bundesministerium für Nachhaltigkeit und Tourismus,Susanne.Brandstetter@bmnt.gv.at
Vösendorfer Kommunal GmbH,ausschreibung@adjokat.at
Neusielder Seebahn GmbH,eisenstadt@hbw.co.at
Marktgemeinde Aggsbach,gemeinde@aggsbach.gv.at
Niederösterreich-Werbung GmbH,anna.groeger@noe.co.at
Marktgemeinde Schwadorf,kiga-schwadorf@heide-fritz.at
Gemeinde Burgauberg-Neudauberg,wutzlhofer@daxundpartner.at
"Bundesministerin für Arbeit, Soziales, Gesundheit und Konsumentenschutz",
Freiwillige Feuerwehr St.Anton an der Jeßnitz,st.anton-jessnitz@feuerwehr.gv.at
Feuerwehr Perchtoldsdorf,perchtoldsdorf@feuerwehr.gv.at
WWF Österreich,unser-inn@wwf.at
Wiener Gesundheitsförderung gemeinnützige GmbH,christian.landsfried@wig.or.at
CeMM - FORSCHUNGSZENTRUM FÜR MOLEKULARE MEDIZIN GmbH,office@cemm.oeaw.at
Stadtgemeinde Pulkau,m.krimmel@pulkau.gv.at
Österreichische Akademie der Wissenschaften (ÖAW),
Eisenwerk Sulzau-Werfen R. & E. Weinberger AG,konkurrenzbruecke@sbv-ztgmbh.at
WWF Österreich,"unser-inn@wwf.at, unser-inn@wwf.at"
"Republik Österreich, Bundesministerium für Nachhaltigkeit und Tourismus, vertreten durch Amt der Oö. Landesregierung, Direktion Umwelt- und Wasserwirtschaft, Abteilung Anlagen-, Umwelt- und Wasserrecht",wpa@wpa.at
Donau Chemie AG,office@kanzlei-breitenfeld.at
Niederösterreichische Gebietskrankenkasse,
Versicherungsanstalt öffentlich Bediensteter,bauwesen@bva.at
Marktgemeinde Bockfließ,office@kraner.at
"Amt der burgenländischen Landesregierung, Abteilung 5 - Baudirektion",
"Bundesministerium für Arbeit, Soziales, Gesundheit und Konsumentenschutz",gabriela.elbelazi@sozialministerium.at
Krankenfürsorgeanstalt der Bediensteten der Stadt Wien – KFA,
"Republik Österreich, vertreten durch BM für Nachhaltigkeit und Tourismus, vertreten durch Amt der NÖ Landesregierung, Abteilung WA2",
Marktgemeinde Lutzmannsburg,office@ibl-zt.at
Verein Lokale Agenda 21 Wien,
Marktgemeinde St. Ruprecht/Raab,weber@geosys.at
Bundesministerin für Nachhaltigkeit und Tourismus,
Marktgemeinde Rabenstein an der Pielach,gemeinde@rabenstein.gv.at
Technisches Museum Wien mit Österreichischer Mediathek,kinsky@kinsky-consulting.at
Salzburger Gebietskrankenkasse (SGKK),wirtschaft@sgkk.at
Nationalparkgesellschaft Neusiedler See - Seewinkel,eisenstadt@daxundpartner.at
Stadtgemeinde Hollabrunn,office@iup.at
Gemeinde Wiesfleck,eisenstadt@daxudnpartner.at
Marktgemeinde Bisamberg,
VERBUND AG,inna.kapp@verbund.com
Marktgemeinde 7203 Wiesen,post@wiesen.bgld.gv.at
Freiwillige Feuerwehr Berndorf-Stadt,
Post AG,tobias.bernecker@post.at
Neusiedler Seebahn GmbH,eisenstadt@hbw.co.at
Österreichische Nationalbibliothek,office@kinsky-consulting.at
Marktgemeinde Erlauf,
Immobilien Baden GmbH & Co KG,
Magistrat der Stadt Waidhofen an der Ybbs - PW/3 - Bauamt,martin.helm@waidhofen.at
EVN Wasser GmbH,dieter.kittel@evn.at
Gemeinde Pöndorf,johann.lochner@poendorf.ooe.gv.at
ÖBB Technische Services GmbH,a.schwarz@drei.at
Stadtgemeinde St. Valentin,office@omniahochp.at
Versicherungsanstalt öffentlich Bediensteter (BVA),wolfgang.koeberl@bva.at
Marktgemeinde Kirchbach,office@stranner-ibs.at
Stadt Waidhofen an der Ybbs,manfred.essletzbichler@wolftheiss.com
Stadtgemeinde Neusiedl/See,martin.marosits@ib-wachter.at
AGGM Austrian Gas Grid Management AG,richard.schwarz@aggm.at
Marktgemeinde Riedlingsdorf,wutzlhofer@daxundpartner.at
Gemeinde Antau,eisenstadt@daxundpartner.at
Österreichische Post AG,stefan.steindl@post.at
Oead (Österreichische Austaushcdienst)-Gesellschaft mit beschränkter Haftung,
Marktgemeinde Bad Goisern,helga.grampelhuber@bad-goisern.ooe.gv.at
Marktgemeinde Ziersdorf,office@omniahochp.at
Stadtgemeinde Hollabrunn,hintermeier@kstp.at
Steiermärkische Gebietskrankenkasse,
Marktgemeinde St. Peter in der Au,
Verein Nationalparks Austria,
Verein für KOnsumenteninformation,vergabe@h-i-p.at
"Bundesministerium für Nachhaltigkeit und Tourismus, Abt. V/3, vertreten durch den Landeshauptmann von Oberösterreich, vertreten durch die Abteilung Anlagen-, Umwelt- und Wasserrecht",office@gutlinz.at
evn wasser GmbH,
Bundesministerium für Digitalisierung und Wirtschaftsstandort,POST.Vergaben@bmdw.gv.at
Abwasserverband Hall i.T. - Fritzens,office@tba-telfs.at
Herr,office@tba-telfs.at
Niederösterreich-Werbung GmbH,juergen.mayrhofer@noe.co.at
Lakeside Science & Technology Park GmbH,lakesidebau@lakeside-scitec.com
Stadtgemeinde HORN,office@micheljak.at
Abwasserverband Brixlegg und Umgebung,office@tba-telfs.at
Stadtgemeinde Schärding,stadt@schaerding.ooe.gv.at
"Stadt Wien, Unternehmung Wiener Krankenanstalten",office@estermann-pock.at
6B47 Althan Quartier Alpha GmbH & Co KG,althanquartier@ic-group.org
EVN Wärme GmbH,alexander.fuhri@evn.at
"Stadtgemeinde Hainfeld, Hauptstraße 5, 3170 Hainfeld",office@gutlinz.at
Bildungsdirektion,sabine.habicht@bildung-stmk.gv.at
Kepler Universitätsklinikum GmbH,p.worbis@medcmapus.i-pm.info
Stadtgemeinde Amstetten,"m.gratzer@amstetten.at, kanzlei@palla.at"
Med. Zentrallaboratorium Gesellschaft mbH,wfrick@mzl.at
Fachgruppe Werbung und Marktkommunikation der Wirtschaftskammer Niederösterreich,ic1@wknoe.at
Versicherungsanstalt öffentlich Bedienstete (BVA),wolfgang.koeberl@bva.at
Gemeinde Gutenberg Stenzengreith,"gde@gutenberg-stenzengreith.gv.at, lafer@lafer-gierer.at"
Freiwillige Feuerwehr St. Pölten-Spratzern,thomas.kornberger@feuerwehr.gv.at
EVN AG,alexander.fuhri@evn.at
Stadtgemeinde Vöcklabruck,stadtamt@attnang-puchheim.ooe.gv.at
Nationalfonds der Republik Österreich für Opfer des Nationalsozialismus,
Nationalfonds der Republik Österreich für Opfer des Nationalsozialismus,d.macht@nationalfonds.org
Netz Niederösterreich GmbH,marco.witti@evn.at
Marktgemeinde Ferschnitz,office@ikw-amstetten.at
Hafen Wien GmbH,wolf@hafenwien.com
"Österreichische Bundesforste AG, Forstbetrieb Oberinntal",hannes.marktl@bundesforste.at
Gemeinde Parndorf,post@parndorf.bgld.gv.at
GA Immobilien GmbH,
"Stadt Wien, Unternehmung Wiener Krankenanstaltenverbund",sscbetrieb@wienkav.at
Verein für Konsumenteninformation,
Bregenzer Festspiele GmbH,rebecca.peletti@kongresskultur.com
Österreichische Post AG,
Technisches Museum Wien mit Österreichischer Mediathek,
Versicherungsanstalt öffentlich Bediensteter (BVA),werbeartikel@kwr.at
Österreichische Post AG,tanja.mueller@post.at
Abwassergenossenschaft Hintertrattberg,w.struber@trattberg.at
Veterinärmedizinische Universität Wien,christoph.zawieschitzky@vetmeduni.ac.at
"Stadt Wien, Wiener Krankenanstaltenverbund",sscbetrieb@wienkav.at
Österreichische Post AG,gabriela.wais@post.at
"Stadt Wien - Unternehmung Wiener Krankenanstaltenverbund (""KAV"")",kav@harrerschneider.at
Gemeinde Enzenreith,verwaltung@gemeinde-enzenreith.at
Wasserverband Neufelderseen-Gebiet,office@wasserverband-neufelderseen.at
Stadtgemeinde Tulln an der Donau,office@vanek-ztg.at
Wiener Gebietskarankenkasse,
Marktgemeinde Gratkorn,
Marktgemeinde Schönbühel-Aggsbach,g.pachschwoell@schneider-consult.at
Gemeinde Viehdorf,gemeinde@viehdorf.gv.at
Marktgemeinde Obritzberg-Rust,gemeinde@obritzberg-rust.gv.at
Netz Niederösterreich GmbH,anton.polster@evn.at
Freiwillige Feuerwehr Mannersdorf / Lgb.,mannersdorf-leithagebirge@feuerwehr.gv.at
Marktgemeinde Grabern,office@iup.at
Schönbrunner Tiergarten Gesellschaft m.b.H.,
RHV Pinzgauer Saalachtal,"office@bdl.at, w.geyer@bdl.at"
Stadtgemeinde Melk,p.hackl@schneider-consult.at
Wassergenossenschaft Rankweil,t.klas@breuss-maehr.at
Bundesministerium für Digitalisierung und Wirtschaftsstandort,
Marktgemeinde St. Andrä-Wördern,office@pfeiller.at
Niederösterreich-Werbung GmbH,christoph.henneis@noe.co.at
"Bundesministerium für Arbeit, Soziales, Gesundheit und Konsumentenschutz",christine.hain@sozialministerium.at
Freiwillige Feuerwehr Weisching,christian.pawaronschuetz@feuerwehr.gv.at
"Marktgemeinde St.Andrä-Wörden, Altgasse 30, 3423 St.Andrä-Wördern",office@schermann-stolfa.at
"Maktgemeinde St.Andrä-Wördern, Altgasse 30, 3423 St.Andrä-Wördern",office@schermann-stolfa.at
"Marktgemeinde St.Andrä-Wördern, Altgasse 30, 3423 St.Andrä-Wördern",office@schermann-stolfa.at
ASFINAG Service GmbH,
BMF,
Stdtgemeinde Hainfeld,
TS 4-6 Liegenschaftsverwaltung GmbH,b.gierlinger@gutlinz.at
3420 Aspern Development AG,
Niederösterreich-Werbung GmbH,
Marktgemeinde St. Peter am Kammersberg,weber@geosys.at
Bregenzer Festspiele GmbH,rebecca.boss@kongresskultur.com
Stadtgemeinde Frohnleiten,
Amt der Oö. Alndesregierung,
Tullner Kommunal Immobilen KG,
"Stadt Wien, Unternehmung Wiener Krankenanstaltenverbund",office@estermann-pock.at
Marktgemeinde Zeiselmauer-Wolfpassing,gemeinde@zeiselmauer.gv.at
Stadtgemeinde Frauenkirchen,post@frauenkirchen.bgld.gv.at
GA Immobilien GbmH,gerald.holzbauer@porr.at
Donau Chemie AG,
WWF Österreich,elisabeth.soetz@wwf.at
Stadtgemeinde Gerasdorf bei Wien,g.pachschwoell@schneider-consult.at
Bregenzer Festspiele GmbH,"ausschreibung.bregenzerfestspiele@bregenzerfestspiele.com, ausschreibung.bregenzerfestspiele@bregenzerfestspiele.com"
ÖBB-Immobilienmanagement GmbH,helena.horvat@pv.oebb.at
Bildungsdirektion Salzburg,
Gemeinde Raggal,
Marktgemeinde Lenzing,amtsleitung@lenzing.or.at
Bundesdenkmalamt,andreas.heindl@bka.gv.at
Österreichische Beteiligungs AG,
MA56 Wiener Schulen vertreten durch WIP,melanie.salmutter@wse.at
ÖGIZIN GmbH,
Oesterreichische Banknoten-und Sicherheitsdruck GmbH,OeBS.Einkauf@oenb.at
Marktgemeinde Bad Goisern,
Bundesaltlastensanierungsges.m.b.H.,
Oesterreichische Nationalbank,
Bundesministerium für Digitalisierung und Wirtschaftsstandort (BMDW),post.vergaben@bmdw.gv.at
Eisenwerk Sulzau-Werfen R. & E. Weinberger AG,
Marktgemeinde Podersdorf am See,
Marktgemeinde Sonntagberg,office@ikw-amstetten.at
Wiener Gesundheitsförderung gemeinnützige GmbH,
Marktgemeinde Großebersdorf,office@kraner.at
EVN Wärme GmbH,
Marktgemeinde Oed-Öhling,office@ikw-amstetten.at
"Republik Österreich (Bund), vertreten durch Bundesministerium für Digitalisierung und Wirtschaftsstandort",
"Republik Österreich, vertreten durch BM für Nachhaltigkeit und Toursimus, vertreten durch Amt der NÖ Landesregierung, Abteilung WA2",
"Bundesministerium f. Bildung, Wissenschaft und Forschung",
Marktgemeinde Ober-Grafendorf,gemeindeamt@ober-grafendorf.at
Arbeitsmarktservice Österreich,office@kanzlei-breitenfeld.at
Gemeindeverband BKH Kufstein,hannes.juffinger@bkh-kufstein.at
Land Oberösterreich,
Marktgemeinde Payerbach,n15211@feuerwehr.gv.at
Versicherungsanstalt öffentlich Bediensteter (BVA),kuraufenthalt@kwr.at
Verein Schutzgebietsverwaltung Wildnisgebiet Dürrenstein,weltnaturerbezentrum@wolftheiss.com
"Stadt Wien, Wiener Krankenanstaltenverbund",
Marktgemeinde Gaming,gemeindeamt@gaming.noe.at
AUTOBAHNEN UND SCHNELLSTRASSEN FINANZIERUNGS AG,heinzchristian.bruenner@asfinag.at
Stadt Wien - Wiener Wohnen Kundenservice GmbH,manfred.essletzbichler@wolftheiss.com
"Bundesministerium für Nachhaltigkeit und Tourismus, dieses im Vergabeverfahren vertreten durch die Österreichische Energieagentur (AEA)",klimaaktivmobil@energyagency.at
Marktgemeinde Königswiesen,wiesinger@koenigswiesen.ooe.gv.at
Gemeinde Laab im Walde,office@kraner.at
Marktgemeinde Illmitz,"sepp.haider@illmitz.bgld.gv.at, prost@h2arch.at"
AGGM Austrian Gas Grid Management AG,
Verein Ferienhort,
Freiwillige Feuerwehr Krems/Donau,gerhard.urschler@feuerwehr-krems.at
Verein zur Erhaltung und Erneuerung der Infrastruktur der Stadtgemeinde Oberpullendorf und Co. Kommanditgesellschaft,post@oberpullendor.at
Oesterreichische Banknoten-und Sicherheitsdruck GmbH,oebs.Einklauf@oenb.at
Austro Control Österreichische Gesellschaft für Zivilluftfahrt mit beschränkter Haftung,
Kammer für Arbeiter und Angestellte für Oberösterreich,kommunikation@akooe.at
Feuerwehr Enzesfeld,"kdt@ff-enzesfeld.at, kdt@ff-enzesfeld.at"
Land Niederösterreich,
Versicherungsanstalt öffentlich Bediensteter (BVA),
Abwasserverband Brixlegg und Umgebung,
Abwasserverband Hall i.T. - Fritzens,
Gemeinde Grafenschachen,eisenstadt@daxundpartner.at
Gemeinde Andau,office@oestap.at
Triesting Wasserverband,stefan.fischer@leobersdorf.at
Kepler UNiversitätsklinikum GmbH,peter.worbis@l-bau-engineering.at
Gemeinde Kematen/Kr.,"christoph.schuetzenhofer@kematen-krems.ooe.gv.at, karin.rieger@fhce.at"
Stadt Waidhofen an der Ybbs,
Austro Control Österreichische Gesellschaft für Zivilluftfahrt mit beschränkter Haftung,vergabeservices@asutrocontrol.at
GAV Pulkau-Schrattenthal-Pillersdorf,office@vanek-ztg.at
Gemeinde Ernsthofen,office@poppeprehal.at
AUTOBAHNEN- UND SCHNELLSTRASSEN-FINANZIERUNGS-AKTIENGESELLSCHAFT,Julia.Della-Porta@asfinag.at
Marktgemeinde Riedau,gemeinde@riedau.ooe.gv.at
Stadtgemeinde Gänserndorf,office@kienerconsult.at
WIEN 3420 ASPERN DEVELOPMENT AG,planersuche@kwr.at
Österreichische Gesundheitskasse,
"Bundesministerium für Arbeits, Soziales, Gesundheit und Konsumentenschutz",
Vereinigte Bühnen Wien GmbH,Christian.Rameis@vbw.at
OeAD (Österreichische Austauschdienst)-Gesellschaft mit beschränkter Haftung Austrian Agency for International Cooperation in Education and Research (OeAD-GmbH),
Marktgemeinde Engelhartstetten,office@vanek-ztg.at
Energy Community,
Österreich Wein Marketing GmbH,info@oesterreichwein.at
Marktgemeinde Sattledt,
Landwirtschaftskammer Niederösterreich,office@kanzlei-breitenfeld.at
GIS Gebühren Info Service GmbH (kurz „GIS“),
Verein KulturKontakt Austria,
EBG MedAustron GmbH,
Albertina Wissenschaftliche Anstalt öffentlichen Rechts,
Abwasserverband Region Bezau,office@rgpzt.at
Stadtgemeinde Waidhofen an der Thaya,office@iup.at
Stadtgemeinde Poysdorf,erich.grabler@poysdorf.gv.at
Freiwillige Feuerwehr Mannersdorf/Leithagebirge,
Kepler Universitätsklinikum GmbH,
BUNDESMINISTERIUM LANDESVERTEIDIGUNG,ka.1@bmlv.gv.at
Gemeinde Gaschurn,gemeinde@gaschurn.at
TS 4-6 Liegenschaftsverwaltung GmbH,
Marktgemeinde Pettenbach,office@neubaubuero.at
Wiener Krankenanstaltenverbund,
Marktgemeinde Obritzberg-Rust,
Rebuplik Österreich BMNT vertreten durch: Amt der Oö. Landesregierung,
Lakeside Science & Technology Park GmbH,lakesidebau@lakeside-scitec.at
Oesterreichische Nationalbank,bianca.schaider@oenb.at
Freiwillige Feuerwehr Velm,
Gemeinde Dellach im Drautal,kaernten@steinbacher.co.at
Energy Community,marta.bromboszcz@energy-community.org
Abwasserverband Völkermarkt - Jaunfeld,e.haider@bm-moik.at
Marktgemeinde Gresten,office@ikw-amstetten.at
Martgemeinde Gresten,office@ikw-amstetten.at
Österreichische Akademie der Wissenschaften Österreichisches Archäologisches Institut,
Stadt Wien - Wiener Wohnen Kundenservice GmbH,
Deutsche Zentrale für Tourismus e.V.,daniela.wahls@germany.travel
Gemeinde Lochen am See,gemeinde@lochen.ooe.gv.at
Microstrategy Austria GmbH,
Bundeskammer der ZiviltechnikerInnen,
Gemeinde Marz,daniel.schmidl@marz.bgld.gv.at
Marktgemeinde Tulbing,office@vanek-ztg.at
MG Leopoldsdorf im Marchfelde,wien@steinbacher.co.at
Autobahnen- und Schnellstraßen-Finanzierungs-Aktiengesellschaft,"wolfgang.eberhart@asfinag.at, thomas.plattner@asfinag.at"
Marktgemeinde Schruns,gerald.vonbank@schruns.at
"Republik Österreich (Bund), vertreten durch die Bundesministerin für Digitalisierung und Wirtschaftsstandort",
Marktgemeinde Scheiblingkirchen-Thernberg,office@kraner.at
Gemeinde Feistritz am Wechsel,gemeinde@feistritz-wechsel.gv.at
"Bundesministerium für Kunst, Kultur, öffentlichen Dienst und Sport",
Stadt Wien - Wiener Krankenanstaltenverbund,
Bundesministerium für öffentlichen Dienst und Sport,
Gemeinde Frankenau-Unterpullendorf,wutzlhofer@daxundpartner.at
Gemeinde Münchendorf,office@iup.at
Stadtgemeinde Allentsteig,office@iup.at
Gemeinde Steinbach am Attersee,gemeinde@steinbach-attersee.ooe.gv.at
Stadtgemeinde Pulkau,office@iup.at
Lakeside Science & Technology Park GmbH,"schellander@lakeside-scitec.com, ebner@lakeside-scitec.com"
Stadtgemeinde Korneuburg,guenter.bursch@korneuburg.gv.at
Gemeinde Kematen/Kr.,
GA Glanzstoff GmbH,gerald.holzbauer@porr.at
"Bundesminister für Klimaschutz, Umwelt, Energie, Mobilität, Innovation und Technologie",michael.rabitsch@ktn.gv.at
Marktgemeinde Wartberg ob der Aist,s.haneder@wartberg-aist.ooe.gv.at
Marktgemeinde Breitenfurt,office@kraner.at
Stadtgemeinde Leonding,office@luger-maul.at
AWS Abfallverband Schwechat,ztbuero@paikl.at
Österreichische Gesundheistkasse,
Oesterreichische Banknoten- und Sicherheitsdruck GmbH,OeBS.Einkauf@oenb.at
AWV Seewinkel,awv.seewinkel@aon.at
Österreichisches Staatsarchiv,
Marktgemeinde St.Gallen 8933,bm-schoenegger@aon.at
Stadtgemeinde Fischamend,office@vanek-ztg.at
Marktgemeinde St.Gallen,bm-schoenegger@aon.at
O.Ö. Landes-Abfallverwertungsunternehmen GmbH,
Marktgemeinde Hausleiten,gemeinde@hausleiten.at
Österreichische Gesundheitskasse,vergabeverfahren-11@oegk.at
Gemeinde Tarrenz,office@zt-gstrein.at
Gemeinde Zagersdorf,post@zagersdorf.bgld.gv.at
Gemeinde Großriedenthal,gemeinde@grossriedenthal.at
Österreichische Nationalbibliothek,kinsky@kinsky-consulting.at
Gemeindeverband für Abgabeneinhebung und Umweltschutz im Bezirk Mödling,w.tippel@gvamoedling.at
Verein Österreichs E-Wirtschaft,adapter@kwr.at
Stadtgemeinde Mürzzuschlag,weber@geosys.at
Marktgemeinde Laxenburg,office@kb-partner.at
Gemeinde Hirm,"wutzlhofer@daxundpartner.at, wutzlhofer@daxundpartner.at"
"Marktgemeinde Kremsmünster, Rathausplatz 1, 4550 Kremsmünster",gemeinde@kremsmuenster.at
Vereinigte Bühnen Wien GmbH,ausschreibung@vbw.at
"Gemeinde Hochburg-Ach, Athalerstraße 3, 5122 Hochburg-Ach",gemeinde@hochburg-ach.ooe.gv.at
Wiener Gesundheitsförderung,christian.landsfried@wig.or.at
Vereinigte Bühnen Wien GmbH,
Abwasserverband Völkermarkt - Jaunfeld,
Deutsche Zentrale für Tourismus e.V.,svea.strahl@germany.travel
"Marktgemeinde St. Oswald bei Freistadt, Markt 80, 4271 St. Oswald b. Fr.",gemeinde@stoswald.at
GABL Gemeindeabfallverband Bezirk Bruck/Leitha,ztbuero@paikl.at
Marktgemeinde Stadl-Paura,st.anzengruber@stadl-paura.at
Energy Community Secretariat,marta.bromboszcz@energy-community.org
"Bundesministerium f. Klimaschutz, Umwelt, Energie, Mobilität, Innovation und Technologie (BMK)",
Österreich Wein Marketing GmbH,
Gemeinde St. Bernhard-Frauenhofen,wien@steinbacher.co.at
MAK- Österreichisches Museum für angewandte Kunst,gundi.esslinger@mak.at
Gemeinde Antau,wutzlhofer@daxundpartner.at
Marktgemeinde Wolfsbach,office@ikw-amstetten.at
Kammer für Arbeiter und Angestelte für Oberösterreich,
"Bundesministerium für Klimaschutz, Umwelt, Energie, Mobilität, Innovation und Technologie (BMK) vormals Bundesministerium für Nachhaltigkeit und Tourismus (BMNT) im Vergabeverfahren vertreten durch die Österreichische Energieagentur - Austrian Energy Agency",
Wasserverband Mittleres Burgenland,a.zechmeister@pieler.co.at
Bundesministeriium für Finanzen,
Gemeinde Texingtal,st.gotthard@feuerwehr.gv.at
"Bundesministerium f., Finanzen",
Salzburger Abfallbeseitigung GmbH,r.prantl@blpgeo.at
"Stadt Wien - Unternehmung Wiener Krankenanstaltenverbund (""KAV"")",
COVID-19 Finanzierungsagentur des Bundes GmbH,Z.Ruzsikova@funk-austria.com
Marktgemeinde Karlstetten,gemeinde@karlstetten.gv.at
Bildungsdirektion für Steiermark,
Marktgemeinde Bad Goisern am Hallstättersee,helga.grampelhuber@bad-goisern.ooe.gv.at
COVID-19 Finanzierungsagentur des Bundes GmbH,
ABBAG — Abbaumanagementgesellschaft des Bundes,
Marktgemeinde Kirchberg am Wechsel,architekt@trimmel.co.at
Marktgemeinde Seewalchen am Attersee,manfred.binder@seewalchen.eu
Gemeinde Perwang am Grabensee,office@ibbzt.at
Monopolverwaltung GmbH,
Bundesministeriuim für Finanzen,
"Stadtgemeinde Schwaz, Franz-Josef-Straße 2, 6130 Schwaz",thomas@zot.co.at
Kärnten Werbung Marketing & Innovationsmanagement GmbH,kaernten@h-i-p.at
Gemeinde Ennsdorf,office@ikw-amstetten.at
"Versicherungsanstalt öffentlich Bediensteter, Eisenbahnen und Bergbau (BVAEB)",wolfgang.koeberl@bvaeb.sv.at
Gemeinde Feistritz am Wechsel,
COVID-19 Finanzierungsagentur des Bundes GmbH,katharina.trettnak-hahnl@kwr.at
AUTOBAHNEN- UND SCHNELLSTRASSEN FINANZIERUNGS AKTIENGESELLSCHAFT,heinzchristian.bruenner@asfinag.at
"Bundesministerium für Kunst, Kultur, öffentlichen Dienst und Sport",office@terzaki.at
Verein LEADER Region Marchfeld,m.deubner@archland.at
Stadtgemeinde Stockerau,a.ehn@stockerau.gv.at
Großgemeinde Nickelsdorf,gemeinde@nickelsdorf.at
Reinhaltungsverband Region Neusiedlersee-Westufer,office@oestap.at
Marktgemeinde Hausleiten,kanzlei@zt-grand.at
Veterinärmedinzinische Universität Wien,christoph.zawieschitzky@vetmeduni.ac.at
"BHAK und BHAS I Klagenfurt, Kumpfgasse 21",bhak1-klu@bildung-ktn.gv.at
Österreichische Gesundheitskasse,wirtschaftswesen@oegk.at
"Gemeinde Lochen am See, Ringstraße 14, 5221 Lochen am See",gemeinde@lochen.ooe.gv.at
Marktgemeinde Kematen/Ybbs,office@ikw-amstetten.at
VERBUND HYDRO POWER GmbH,michael.diwis@verbund.com
Gemeinde Ramsau,gemeinde@ramsau.gv.at
Sanatorium Hera Krankenfürsorgeanstalt der Angestellten und Bediensteten der Stadt Wien,FM_SanHera@ic-group.org
VERBUND Green Power GmbH,
"Bundesministerium für Klimaschutz, Umwelt, Energie, Mobilität, Innovation und Technologie (BMK), dieses im Vergabeverfahren vertreten durch die Österreichische Energieagentur - Austrian Energy Agency",thomas.bogner@energyagency.at
Stadtgemeinde Spittal an der Drau,stadt.spittal@spittal-drau.at
Republik Österreich,
Republik Österreich (Bund),
Krankenfürsorgeanstalt der Bediensteten der Stadt Wien,FM_SanHera@ic-group.org
"""Wiener Frauenhäuser"" - Soziale Hilfen für von Gewalt betroffene Frauen und ihre Kinder",vergabe@h-i-p.at
Marktgemeinde Wilhering,
Wiener Gesundheitsverbund,sscbetrieb@gesundheitsverbund.at
FF Gnadendorf,n13111@feuerwehr.gv.at
Stadtgemeinde Berndorf,wolfgang.buerger@noel.gv.at
Innsbrucker Soziale Dienste GmbH,office@a3jp.at
Österreichische Post AG,daniela.fuchs@post.at
Gemeinde Marz,
Lehrlingshäuser der Wirtschaftskammer Steiermark Betriebsgesellschaft mbH,heike.stark-sittinger@wkstmk.at
"Stadt Wien, Wiener Gesundheitsverbund",
Bundeshandelsakademie und Bundeshandelsschule Völkermarkt,bhak-voelk@bildung-ktn.gv.at
Höhere technische Bundeslehr- und Versuchsanstalt Villach,htbla-vill@bildung-ktn.gv.at
"Bundesministerium für Arbeit, Familie und Jugend",
Wiener Zeitung Digitale Publikationen GmbH,
Bundesminsterium Für Finanzen,
"Stadt Wien, Wiener Gesundheitsverbund",ged.inf@gesundheitsverbund.at
Facilitycomfort,josef.manhalter@facilitycomfort.at
Stadtgemeinde Leonding,Lucia.Schlager-Weidinger@leonding.at
Stadtgemeinde Waidhofen an der Thaya,p.hackl@schneider-consult.at
Gemeinde Winklarn,office@ikw-amstetten.at
Marktgemeinde Maria Enzersdorf,"infrastruktur@mariaenzersdorf.gv.at, info@pieler.co.at"
Marktgemeinde Klein-Pöchlarn,gemeindeamt@klein-poechlarn.gv.at
Stadtgemeinde Wolkersdorf im Weinviertel,post.wa3weinviertel@noel.gv.at
Marktgemeinde Bezau,office@rgpzt.at
WWF Österreich,"info@innsieme.org, unser-inn@wwf.at"
Wasserverband Leibnitzerfeld Süd,office@mach-partner.at
WIEN 3420 ASPERN DEVELOPMENT AG,seekante@kwr.at
Stadtgemeinde Mattighofen,
Bildungsdirektion für Steiermark,"sabine.habicht@bildung-stmk.gv.at, wid@bulme.at"
Stadtgemeinde Gallneukirchen,stadtgemeinde@gallneukirchen.ooe.gv.at
Marktgemeinde Gars am Kamp,kanzlei@zt-grand.at
Marktgemeinde Leiben,gerh.schweiger@aon.at
Nationalparks Austria,
"Marktgemeinde Hörsching, Neubaustraße 26, 4063 Hörsching",marcus.niederreiter@hoersching.at
"Gemeinde Hochburg-Ach, Athalerstraße 3, 5122 Hochburg-Ach",
"Marktgemeinde Wolfurt, Gemeinde Bildstein",office@rgpzt.at
Marktgemeinde Wolfurt,office@rgpzt.at
Marktgemeinde Großarl,sekretariat@gemeindegrossarl.at
Stadtgemeinde Amstetten,m.gratzer@amstetten.at
Marktgemeinde Mauterndorf,gemeinde@mauterndorf.gv.at
"Bundesministerium für Klimaschutz, Umwelt, Energie, Mobilität, Innovation und Technologie vertreten durch das Amt der Niederösterreichischen Landesregierung, Gruppe Wasser – Abteilung Wasserwirtschaft (Abt. WA 2)",r.prantl@blpgeo.at
Marktgemeinde Tragwein,gemeinde@tragwein.ooe.gv.at
Gemeinde Rechberg,gemeindeamt@rechberg.ooe.gv.at
Salzburger Abfallbeseitigung GmbH,
Wasserleitungsverband der Triestingtal- und Südbahngemeinden,wlv@wlv-voeslau.at
Marktgemeinde Velden am Wörther See,christoph.strasser@integral-zt.at
Gemeindeverband Wasserversorgung Wolkersdorf-Pillichsdorf,office@kraner.at
"Stadtgemeinde Marchtrenk, Bearbeiter: Bmst. Ing. Richard Strauß",g.plattner@linzag.at
Marktgemeinde Bad Goisern am Hallstättersee,
Marktgemeinde Bad Goisern am Hallstättersee,gemeinde@bad-goisern.ooe.gv.at
Stammadresse,wirtschaft-finanz@bev.gv.at
Bildungsdirektion für Steiemark,sabine.habicht@bildung-stmk.gv.at
Stadtgemeinde Bad Ischl,info@stadtamt-badischl.at
Marktgemeinde Karlstetten,
Gemeinde Jeging,gemeinde@jeging.ooe.gv.at
Stammadresse,binder-zehetner@la21wien.at
"Fischer Beteiligungsverwaltungs GmbH., Fischerstraße 8, A-4910 Ried im Innkreis",f.noebauer@gruppewasser.at
WLV,office@kraner.at
Österr. Forschungsförderungsgesellschaft mbH,office@fsm.law
Marktgemeinde Schönkirchen-Reyersdorf,office@kraner.at
"Republik Österreich, vertreten durch die Bundesministerin für Klimaschutz, Umwelt, Energie, Mobilität, Innovation und Technologie",wpa@wpa.at
Abschnittsfeuerwehrkommando Klosterneuburg,afk.klosterneuburg@feuerwehr.gv.at
Nationalfonds der Republik Österreich für Opfer des Nationalsozialismus,c.fritsch@nationalfonds.org
Gemeinde Holzhausen,gemeinde@holzhausen.ooe.gv.at
Marktgemeinde Hafnerbach,
Gemeinde Kasten bei Böheimkirchen,
Stadt St. Pölten,post.bd6@noel.gv.at
Finanzmarktaufsichtsbehörde (FMA),wiedrich@ztnoe.at
Finanzmarktaufsichtsbehörde (FMA),kerstin.heissig@fma.gv.at
Wiener Messe Besitz GmbH,114@heide-fritz.at
Finanzmarktaufsichtsbehörde (FMA),kerstin.heissig@fma.at
Kärnten Werbung Marketing & Innovationsmanagement GmbH,
Pöttinger Landtechnik GmbH,christoph.leopoldseder@poettinger.at
"""Wiener Frauenhäuser"" –  Soziale Hilfen für von Gewalt betroffene Frauen und ihre Kinder",
Awasserverband Wörthersee West,gerold.hebenstreit@elcon.at
Marktgemeinde Wolfsbach,gemeinde@wolfsbach.gv.at
Marktgemeinde Waizenkirchen,gemeinde@waizenkirchen.ooe.gv.at
Nationalfonds der Republik Österreich für Opfer des Nationalsozialismus,"c.fritsch@nationalfonds.org, s.oehler@nationalfonds.org"
Marktgemeinde Zwentendorf an der Donau,sh@maul-architekten.com
Freiwillige Feuerwehr Waidhofen/Thaya,post@ffwaidhofen.at
E-Beregnung Gerasdorf OG,klosterneuburg@ztg-lechner.com
WLV der Triestingtal- und Südbahngemeinden,office@kraner.at
Wien 3420 aspern Development AG,
0,
Marktgemeinde Oed-Oehling,office@ikw-amstetten.at
"Bundesministerium für Landwirtschaft, Regionen und Tourismus",
Verbund Energy4Business GmbH,
Marktgemeinde Maria Taferl,gemeindeamt@maria-taferl.gv.at
Gemeinde Behamberg,office@ikw-amstetten.at
Wasserleitungsverband der Tristingtal- und Südbahngemeinden,office@kraner.at
VERBUND AG,Mathias.Hofbauer@verbund.com
Gemeinde Wolfsgraben,office@kraner.at
Österr. Forschungsförderungsgesellschaft mbH,
Marktgemeinde Mailberg,erich.meinhart@zt-grand.at
Marktgemeinde Aggsbach,gemeindeamt@aggsbach.gv.at
ÖBB Personenverkehr AG,christian.pimiskern@pv.oebb.at
Stadtgemeinde Leibnitz,office@neger-ulm.at
Gemeinde Grafenschachen,office@ibl-zt.at
AMS Österreich,reinhold.gaubitsch@ams.at
Gemeindeverband für Abfallwirtschaft und Abgabeneinhebung im Verwaltungsbezirk Baden,h.ferschitz@gvabaden.at
"ÖBf AG, Nationalparkbetrieb Donau Auen",thomas.antel@poelzl.com
Österreichische Post AG,tobias.bernecker@post.at
Marktgemeinde Kirchschlag,office@kraner.at
Bildungsdirektion für Steiemark,
Energy Community Secretariat,
Freiwillige Feuerwehr Lehen,
Gemeinde Kronstorf,gemeinde@kronstorf.ooe.gv.at
Stadtgemeinde Bruck an der Leitha,n.korecky@wernerconsult.at
FF Weißes Kreuz,N21221@feuerwehr.gv.at
GAV Amstetten,office@ikw-amstetten.at
Verein Lokale Agenda 21 in Wien,binder-zehetner@LA21wien.at
Justizbetreuungsagentur,
Wasserleitungsverband Nördliches Burgenlkand,technik@wasserleitungsverband.at
WIEN 3420 ASPERN DEVELOPMENT AG,
Marktgemeinde Königstetten,eilenberger@koenigstetten.gv.at
Krankenhaus der Barmherzigen Brüder St. Veit an der Glan,krankenhaus@bbstveit.at
Marktgemeinde St.Gallen 8933 St.Gallen Markt 35,bm-schoenegger@aon.at
"Republik Österreich, vertreten durch das Bundesministerium für Klimaschutz, Umwelt , Energie, Mobilität, Innovation und Technologie, diese vertreten durch die Österreichische Energieagentur – Austrian Energy Agency, Mariahilfer Straße 136, 1150 Wien",
Bundesamt für Eich- und Vemessungswesen,
BG und BRG Völkermarkt,ingrid.lach@bildung-ktn.gv.at
Marktgemeinde Altmünster,gemeinde@altmuenster.ooe.gv.at
Freiwillige Feuerwehr Ollern,stefan.obermaisser@feuerwehr-ollern.at
Freiwillige Feuerwehr Waidhofen/Thaya,
EDA Energiewirtschaftlicher Datenaustausch GmbH,messengerdienst@kwr.at
Abfallwirtschaftsverbandes Liezen,
Marktgemeinde Klein-Pöchlarn,
Abwasserverband Wörthersee West,
Krankenhaus der Barmherzigen Brüder St. Veit an der Glan,office@horn-partner.at
Stadtgemeinde Leonding,
ICPDR Permanent Secretariat,adam.kovacs@icpdr.org
Gemeinde Roppen,"amtsleiter@roppen.tirol.gv.at, info@regio-imst.at"
Universität Innsbruck | Vergebende Stelle iSd § 2 Z 42 BVergG 2018,Wolfgang.Lentsch@uibk.ac.at
Gemeinde Reinsberg,gemeinde@reinsberg.at
Med. Zentrallaboratorium Gesellschaft mbH,
Österreichisches Patentamt,marcus.ernst@patentamt.at
Medizinische Universität Innsbruck,Wolfgang.Lentsch@uibk.ac.at
"Bundesministerium für Klimaschutz, Umwelt, Energie, Mobilität, Innovation und Technoligie",
ASFINAG,christian.albrecht@asfinag.at
Gemeinde Rietz,martin.perkhofer@gmx.net
"Gemeinde Redlham, Redlham 1, 4846 Redlham",gemeinde@redlham.ooe.gv.at
Marktgemeinde Großrußbach,office@kraner.at
Gemeindeverband für Abfallwirtschaft und Abgabeneinhebung im Verwaltungsbezirk Baden,
Österreichische Akademie der Wissenschaften / Österreichisches Archäologisches Institut,
Stadtgemeinde Klosterneuburg,office@kienerconsult.at
Stadtgemeinde Leibnitz,
Asfinag Bau Managment GmbH (St. Pölten),christian.siebenhoferl@asfinag.at
Wirtschaftskammer Österreich,julia.weiss@gmx.at
"Bundesministerium für Kunst, Kultur, öffentl. Dienst und Sport",office@terzaki.at
Straßengenossenschaft Hofweg-Schruns,gerald.vonbank@schruns.at
International Commission of the Danube River ICPDR,adam.kovacs@icpdr.org
Gemeinde Volders,c.hueber@ingfh.com
VERBUND Energy4Businsess GmbH,
Marktgemeinde Brunn am Gebirge,gemeinde@brunnamgebirge.gv.at
Wiener Gesundheitsverbund,ged.inf@gesundheitsverbund.at
"Marktgemeinde Gunskirchen, Marktplatz 1, 4623 Gunskirchen",office@architektur-scheutz.at
Marktgemeinde Waizenkirchen,
Stadtgemeinde Gallneukirchen,
"Auftraggeber (AG) ist die Republik Österreich, vertreten durch die Bundesministerin für Klimaschutz, Umwelt, Energie, Mobilität, Innovation und Technologie, Abteilung V/3, vertreten durch den Landeshauptmann von Oberösterreich, vertreten durch  die Abteilung Anlagen-, Umwelt- und Wasserrecht","f.noebauer@gruppewasser.at, office@gruppewasser.at"
Gemeinde Kematen/Kr. Linzerstraße 30,"christoph.schuetzenhofer@kematen-krems.ooe.gv.at, erwin.schinagl@fhce.at, karin.rieger@fhce.at"
"Bundesministerium für Landwirtschaft, Regionen und Tourismus (BMLRT)",
"Land Niederösterreich, vertreten durch das Amt der Niederösterreichischen Landesregierung, Abteilung Gebäudeverwaltung (LAD3)",
Krankenfürsorgeanstalt der Bediensteten der Stadt Wien,
RHV Trumerseen,office@rhv.trumerseen.at
Marktgemeinde Euratsfeld,office@ikw-amstetten.at
"Amt der NÖ Landesregierung, Abteilung Schulen K4",post.bd6@noel.gv.at
Marktgemeinde Ollersdorf i. Bgld.,post@ollersdorf.bgld.gv.at
Bund,
Universität Salzburg,
OeAD-GmbH- Agentur für Bildung und Internationalisierung (Austria's Agency for Education and Internationalisation),
Österreichische Notariatskammer,
Marktgemeinde Harmannsdorf,office@kraner.at
Republik Österreich  (Bund),
Stadtgemeinde Bad Ischl,
FF Königsberg,walter.schwarz@kuk.com
Marktgemeinde Tulbing,r.klug@tulbing.gv.at
BUNDESMINISTERIUM FÜR LANDESVERTEIDIGUNG,ka.1@bmlv.gv.at
Marktgemeinde Gumpoldskirchen,
Energie Gusental GmbH,gemeinde@st-georgen-gusen.at
ARGE GRATKORN (VERBUND Hydro Power GmbH – Energie Steiermark Green Power GmbH),michael.diwis@verbund.com
Österr. Forschungsförderungsgesellschaft mbH,felicitas.zacherl@ffg.at
Landwirtschaftskammer Niederösterreich,
Austria Wirtschaftsservice Gesellschaft mbH,office@kanzlei-breitenfeld.at
Gemeinde Altenburg,kanzlei@zt-grand.at
Marktgemeinde Brunn am Gebirge,glv@brunnamgebirge.gv.at
Stadtgemeinde Enns,w.gurtner@enns.ooe.gv.at
"Stadtgemeinde Traismauer, Wiener Str. 8, 3133 Traismauer",blindenmarkt@ibl-zt.at
Niederösterreichische Landes-Landwirtschaftskammer Errichtungs- und Betriebsgesellschaft m.b.H.,office@kanzlei-breitenfeld.at
Gemeinde Patsch,pm1_fhp@cpm.conject.com
Stadtgemeinde Schärding,"markus.furtner@schaerding.ooe.gv.at, peter.geigle@fhce.at, karin.rieger@fhce.at"
Marktgemeinde Altmu¨nster,gemeinde@altmuenster.ooe.gv.at
Autobahnen- und Schnellstraßen- Finanzierungs Aktiengesellschaft,christian.siebenhofer@asfinag.at
Marktgemeinde Neuhofen a.d. Krems,gemeinde@neuhofen-krems.at
Freiwillige Feuerwehr Patzenthal,patzenthal@feuerwehr.gv.at
Marktgemeinde Ober-Grafendorf,bernd.bauer@ober-grafendorf.at
Marktgemeinde Wartberg an der Krems,office@neubaubuero.at
Stadtgemeinde Berndorf vertreten durch das Amt der NÖ Landesregierung Abteilung Wasserbau WA3,post.wa3@noel.gv.at
Marktgemeinde Großweikersdorf,gemeinde@grossweikersdorf.gv.at
Innsbrucker Soziale Dienste GmbH,h.innerebner@isd.or.at
"Republik Österreich (Bund), vertreten durch Bundesministerin für Digitalisierung und Wirtschaftsstandort",
Marktgemeinde Leopoldsdorf im Marchfelde,keckeis@steinbacher.co.at
Marktgemeinde St. Lambrecht,gde@st-lambrecht.gv.at
Stadtgemeinde Bischofshofen,obermoser@bischofshofen.at
"Verein ""Österreichs E-Wirtschaft""",
Gemeinde Telfs,pm1_ktm@cpm.conject.com
Stadtgemeinde Neusiedl am See,martin.marosits@ib-wachter.at
Caritas Österreich,karin.aistleitner@caritas-austria.at
"Marktgemeinde Baumgartenberg, Baumgartenberg 85, 4342 Baumgartenberg",gemeinde@baumgartenberg.ooe.gv.at
Marktgemeinde Feldkirchen an der Donau,office@feldkirchen-donau.at
Österreichische Gesundheitskasse,baubuero@oegk.at
Stadtgemeinde Knittelfeld,"gerald.schmid@knittelfeld.gv.at, bernd.rehschuetzecker@knittelfeld.gv.at"
Donau Niederösterreich Tourismus GmbH,peter.sigmund@donau.com
blp GeoServices GmbH; Standort Wien,r.prantl@blpgeo.at
Gemeinde Oslip,post@oslip.bgld.gv.at
Marktgemeinde Zwentendorf an der Donau,
Stammadresse,
Wien 3420 Aspern Development AG,seekante@kwr.at
Arbeitsmarktservice Österreich,ams.mabverg@ams.at
Kongresskultur Bregenz GmbH,
Verbund Energy4Business GmbH,kinga.kruzlics@verbund.com
Parlamentsdirektion,
Großglockner Hochalpenstraßen AG,noel@grossglockner.at
Freiwillige Feuerwehr Patzenthal,
Burgtheater GmbH,vergabe@h-i-p.at
Abfallwirtschaftsverband Murau,johannes.miedl@abfallwirtschaft.steiermark.at
Tirol Werbung GmbH,katrin.egger@TirolWerbung.at
RHV Großraum Eferding,office@wasserverband-eferding.at
KRAGES Burgenländische Krankenanstalten GesmbH,
Kraftwerk Brand GmbH,gemeinde@brand.at
Österreichische Energieagentur - Austrian Energy Agency,thomas.bogner@energyagency.at
Bad Radkersburger Quellen Ges.m.b.H.,office@gu-gmbh.com
ÖBf AG,hannes.marktl@bundesforste.at
VERBUND Energy4Business GmbH,kinga.kruzlics@verbund.com
"Land Niederösterreich, Amt der NÖ Landesregierung, Bundeswasserbauverwaltung Niederösterreich, Abteilung Wasserbau Regionalstelle Industrieviertel",office@zp-zt.at
Verein Lokale Agenda 21 in Wien,
Marktgemeinde Ollersdorf i. Bgld.,
"BG und BRG Ingeborg Bachmann, Ferdinand-Jergitsch-Straße 21, 9020, BHAK und BHAS Villach, F.-X.-Wirth-Straße 3, HtBLA Wolfsberg, Gartenstraße 1 Klagenfurt",bg-klu-bachmann@bildung-ktn.gv.at
"Gemeinde Niederneukirchen, Dorfplatz 1, 4491 Niederneukirchen",amtsleitung@niederneukirchen.ooe.gv.at
Energy Community Secretariat,Jon.Dika@energy-community.org
Marktgemeinde Aggsbach,
Marktgemeinde Pram,gemeinde@pram.at
Marktgemeinde Langau,franz.linsbauer@langau.at
AWV Eisenstadt Eisbachtal,thomas.koegler@awv-eisenstadt.at
Marktgemeinde Altmünster,amtsleitung@altmuenster.ooe.gv.at
Stadtgemeinde Schrems,f.herndler@schneider-consult.at
Marktgemeinde Altmu¨nster,
FF Kollmitzberg,Kollmitzberg@feuerwehr.gv.at
Österreichische Post AG,renate.schneider@post.at
Donau Niederösterreich Tourismus GmbH,
Marktgemeinde St. Margarethen,post@st-margarethen.at
Wien 3420 Aspern Development AG,
TVB Tiroler Oberland,office@kaunertal.com
Österr. Forschungsförderungsgesellschaft mbH,vergabeverfahren@fsm.law
"Republik Österreich, vertreten durch Bundesministerium für Klimaschutz, Umwelt, Energie, Mobilität, Innovation und Technologie, vertreten durch Landeshauptfrau von Niederösterreich, vertreten durch das Amt der NÖ Landesregierung, Abteilung Wasserwirtschaft",melanie.maltschnig@porr.at
Wiener Messe Besitz GmbH,michael.hotop@mbg.at
Wasserleitungsverband Nördliches Burgenlkand,
Abwasserverband Wörthersee West,gerold.hebenstreit@elcon.at
Gemeinde Berndorf bei Salzburg,haberl@berndorf.salzburg.at
Marktgemeinde Böheimkirchen,boeheimkirchen-markt@feuerwehr.gv.at
Marktgemeinde Vorchdorf,office@ikw-amstetten.at
Marktgemeinde Mautern in Steiermark,gde@mautern.steiermark.at
Finanzamt Österreich,
"Gemeinde Rüstorf, Rüstorf 1, 4690 Rüstorf",goebl@ruestorf.ooe.gv.at
Krankenhaus der Barmherzigen Brüder St. Veit an der Glan,
Bundesministerum Finanzen,
Deutsche Zentrale für Tourismus e.V.,alexandra.pfaff@germany.travel
Stadt St. Pölten,
Abfallwirtschaftsverband Murau,awv.murau@abfallwirtschaft.steiermark.at
Marktgemeinde Mondsee,gemeinde@mondsee.ooe.gv.at
GAV Mittlerer Weidenbach,office@kraner.at
Stadtgemeinde Zistersdorf,Hansjoerg.Luxbacher@noel.gv.at
BTF Berndorf Immobilien AG,N02404@feuerwehr.gv.at
wien 3420 aspern Development AG,vergabeb4@eylaw.at
Gemeinde Lech und Gemeinde Lech Service GmbH,office@breuss-maehr.at
Klima und Energiefonds,
Abfallwirtschaftsverband Murau,
Stadtgemeinde Herzogenburg,manfred.schuster@ig-prem.at
Gemeinde Kematen/Kr. Linzerstraße 30,
Marktgemeinde Pabneukirchen,haderer@pabneukirchen.ooe.gv.at
Schloß Schönbrunn Kultur- und Betriebsgesellschaft m.b.H.,mayr@schoenbrunn-group.com
Marktgemeinde Grafenbach - St. Valentin,N15216@feuerwehr.gv.at
Medizinische Universität Innsbruck,asita.djanani@i-med.ac.at
Cryptoagri GmbH (in Gründung),office@kanzlei-breitenfeld.at
Stadtgemeinde Mautern an der Donau,office@ra-wiese.at
"Republik Österreich, vertreten durch  Bundesministerin für Digitalisierung und  Wirtschaftsstandort",post.vergaben@bmdw.gv.at
blp GeoServices GmbH; Standort Wien,
Freiwillige Feuerwehr Loipersbach,Loipersbach@feuerwehr.gv.at
"Republik Österreich (Bund), vertreten durch die Bundesministerin für Digitalisierung und Wirtschaftsstandort",POST.Vergaben@bmdw.gv.at
Gemeinde Piberbach,mitterbaur@piberbach.ooe.gv.at
ASFINAG Bau Management GmBH,
Marktgemeinde Hornstein,post@hornstein.bgld.gv.at
Verein für Konsumenteninformatiuon,vergabe@h-i-p.at
ÖBB Personenverkehr AG,helena.horvat@pv.oebb.at
Gemeinde Pichl b. Wels,gemeinde@pichl.ooe.gv.at
Gesundheit Österreich GmbH,
OeAD-GmbH -  Agentur für Bildung und Internationalisierung,
Gemeindeverband für Abfallwirtschaft im Raum Schwechat,info@avschwechat.at
Wasserverband Wulkatal,zara@wv-wulkatal.at
"COVID-19 Finanzierungsagentur des Bundes - COFAG, Taborstraße 1-3, OG 14, 1020 Wien",
Veterinärmedizinische Universität Wien,christoph.zawisechitzky@vetmeduni.ac.at
Wasserleitungsverband Nördliches Burgenland,office@kraner.at
Austria Wirtschaftsservice Gesellschaft mbH,
Magistrat der Stadt Krems,g.pachschwoell@schneider-consult.at
Gemeinde Brand,office@breuss-maehr.at
Gemeinde Marz,post@marz.bgld.gv.at
OeMAG Abwicklungsstelle für Ökostrom AG,
Verein Tiroler Landesmuseum Ferdinandeum,
BG und BRG St. Veit a.d. Glan,bg-stveit-dir@bildung-ktn.gv.at
Freiwillige Feuerwehr Kronberg,kronberg@feuerwehr.gv.at
SVS Gesundheitszentrum Betriebs-GmbH,
Kongresskultur Bregenz GmbH,rebecca.boss@kongresskultur.com
Bundesamt für Eich- und Vermessungswesen,christoph.pfeiffer@bev.gv.at
BHAK und BHAS Spittal a.d. Drau,office@hakspittal.at
Verein Bucklige Welt Regionalentwicklung,
Donau Chemie Aktiengesellschaft,office@kanzlei-breitenfeld.at
Österreichische Forsch8ungsförderungsgesellschaft mbH,
Gemeinde Grafenschachen,post@grafenschachen.bgld.gv.at
Gasteiner Alpenstraße GmbH,office@gasteiner-alpenstrasse.at
"Regionalmanagement Bezirk Imst, stellvertretend für die Pitztaler Gemeinden St. Leonhard im Pitztal, Wenns, Jerzens und Arzl im Pitztal",info@regio-imst.at
Gemeinde Ungenach,gemeinde@ungenach.ooe.gv.at
Wiener Gesundheitsförderung gemeinnützige GmbH,Christian.landsfried@wig.or.at
Republik Österreich,"vergabe@h-i-p.at, vergabe@h-i-p.at"
Christian Doppler Forschungsgesellschaft,
Österreichische Beteiligungs AG,vergabe@oebag.gv.at
BTF Berndorf Immobilien AG,
Gemeinde St. Egyden am Steinfeld,office@ibl-zt.at
"Bundesministerium für Bildung, Wissenschaft und Forschung",bernhard.koch@bmbwf.gv.at
"Bundesministerium für Klimaschutz, Umwelt, Energie, Mobilität, Innovation und Technologie (BMK)",silvia.neumann@bmk.gv.at
GV Marbach / Klein-Pöchlarn,gemeinde@marbach-donau.gv.at
Gemeinde Schönau im Mühlkreis,gemeinde@schoenau-im.at
Stadtgemeinde Attnang-Puchheim,stadtamt@attnang-puchheim.ooe.gv.at
Bund vertreten durch die Bundesministerin für Digitalisierung und Wirtschaftsstandort,
Verein Lokale Agenda 21 in Wien,halkic@la21wien.at
Verbund AG,
"Republik Österreich, vertreten durch Bundesministerium für Klimaschutz, Umwelt, Energie, Mobilität, Innovation und Technologie, vertreten durch Landeshauptfrau von Niederösterreich, vertreten durch das Amt der NÖ Landesregierung, Abteilung Wasserwirtschaft",
Verbund Energy4BusinessGmbH,
Arbeitsmarktservice Österreich Bundesgeschäftsstelle,ams.inf@ams.at
Marktgemeinde Golling an der Erlauf,alois.kammerer@catv.at
Marktgemeinde Wulkaprodersdorf,post@wulkaprodersdorf.bgld.gv.at
Stadtgmeinde Traiskirchenvertr. d. Traiskirchner Betriebsstättenverwaltungs GmbH,m.bartlweber@tbvg.at
BM für Klimaschutz,office@trugina.at
Amt der Niederösterreichischen Landesregierung vertreten durch blp GeoServices GmbH,r.prantl@blpgeo.at
Marktgemeinde Garsten,rosensteiner@garsten.ooe.gv.at
"Versicherungsanstalt öffentlich Bediensteter, Eisenbahnen und Bergbau (BVAEB)",kuraufenthalt@kwr.at
Verbund  Energy4Business GmbH,
Freiwillige Feuerwehr Kronberg,
Landeszahnärztekammer für Wien,zahnaerztekammer@kwr.at
Marktgemeinde Brunn am Gebirge,"office@goya.at, office@oekoplan-hartberg.at"
ÖBB Technische Services GmbH,andreas.lehner@oebb.at
ÖBf AG,"hannes.marktl@bundesforste.at, mail@kleinheinz.org"
Freiwillige Feuerwehr Langenzersdorf,office@ff-langenzersdorf.at
ÖBf AG,"hannes.marktl@bundesforste.at, josef.ernst@ernst-ilsinger.com"
LEADER Region Weinviertel Ost,christine.filipp@weinviertelost.at
Gemeinde Ladis,gemeinde@ladis.tirol.gv.at
Gemeinde Engerwitzdorf,gemeinde@engerwitzdorf.gv.at
Gemeindeverband A.ö. BKH Kustein,hannes.juffinger@bkh-kufstein.at
Freiwillige Feuerwehr Günselsdorf,franz.zoechling@feuerwehr.gv.at
Marktgemeinde Weitersfeld,"gemeinde@weitersfeld.at, ebm@zt-ebm.at"
Österreichischen Kinderfreunde - Landesorganisation Kärnten,info@baukreis.at
HALLAG Kommunal GmbH,o.haim@hall.ag
Österreichische Post AG,georg.aschauer@post.at
BM für Digitalisierung und Wirtschaftsstandort,
Medizinische Universität Innsbruck,"Wolfgang.Lentsch@uibk.ac.at, Sylvia.Riedmann-Flatz@uibk.ac.at"
Oberösterreichischer Landes-Feuerwehrverband,bernhard.gutjahr@ooelfv.at
Bundesinnung Gesundheitsberufe,julia.weiss@wko.at
GVA Baden,h.ferschitz@gvabaden.at
Rail Cargo Austria AG,Andreas.Lehner@oebb.at
Gemeinde Zeiselmauer-Wolfpassing,"michael@egg-co.at, gemeinde@zeiselmauer.gv.at"
Sozialversicherungsanstalt der Selbständigen (SVS),
Stadtgemeinde Purbach am Neusiedler See,stadtgemeinde@purbach.at
WNM Wein Niederösterreich Marketing GmbH,office@kanzlei-breitenfeld.at
Caritas Österreich (Caritas Austria),barbara.reiterer@caritas-austria.at
ELGA GmbH,office@kinsky-consulting.at
Amt der Oö. Landesregierung,gwb-l.post@ooe.gv.at
Schloß Schönbrunn Kultur- und Betriebsgesellschaft m.b.H.,
"""Republik Österreich (Bund)""",
Paris Lodron Universität Salzburg,
Ärztekammer für Kärnten,
Feuerwehr Purkersdorf,michael.gindl2@feuerwehr.gv.at
"Versicherungsanstalt öffentlich Bediensteter, Eisenbahnen und Bergbau (BVAEB)",Wolfgang.Koeberl@bvaeb.at
Kepler Universitätsklinikum GmbH,guenter.hattmannsdorfer@kepleruniklinikum.at
HALLAG Kommunal GmbH,wolfgang.holzer@bernard-gruppe.com
Stadtwerke Trofaiach Ges.m.b.H.,b.puehringer@mup.at
GABL Bruck/Leitha,ztbuero@paikl.at
REGIOnalplanungsgemeinschaft Bregenzerwald,lukas.schrott@regiobregenzerwald.at
Ludwig Boltzmann Gesellschaft - österreichische Vereinigung zur Förderung der wissenschaftlichen Forschung,mathilde.wolff@lbg.ac.at
Stadtgemeinde Mautern an der Donau,
"NÖ Bundeswasserbauverwaltung, Land NÖ, WA3",post.wa3@noel.gv.at
Amt der Oberösterreichischen Landesregierung,auwr.post@ooe.gv.at
Stadtgemeinde Knittelfeld,"klaus.wallner@knittelfeld.gv.at, bernd.rehschuetzecker@knittelfeld.gv.at"
"Republik Österreich, Bildungsdirektion für Wien",
Stadtgemeinde Mürzzuschlag,"stadtamt@mzz.at, kapfenberg@mach-partner.at"
VERBUND Green Power GmbH,franz-christoph.sulzmann@verbund.com
"Bundesministerium für Landwirtschaft, Regionen und Tourismus  (BMLRT)",
Sozialversicherungsanstalt der Selbständigen,
Stadtgemeinde Perg,stadtamt@stadt.perg.at
Rail Equipment GmbH & CO KG,erich.cauder@oebb.at
Stadtgemeinde Zistersdorf,hansjoerg.luxbacher@noel.gv.at
Kompetenzzentrum Holz GmbH,h.lammer@wood-kplus.at
Internationale Rheinregulierung,office@breuss-maehr.at
Gemeinde Biberbach,office@ikw-amstetten.at
Gemeinde Schlierbach,bauamt@schlierbach.at
CeMM Forschungszentrum für Molekulare Medizin GmbH,akoren@cemm.oeaw.ac.at
Österreichische Gesundheitskasse,bfmb-sekretariat-15@oegk.at
"Bundesministerium für Klimaschutz, Energie, Mobilität, Innovation und Technologie (BMK)",
Österreichische GEsundheitskasse,bfmb-sekretariat-15@oegk.at
Marktgemeinde Hausleiten,gemeinde@hausleiten.gv.at
Gemeinde Bartholomäberg,gemeinde@bartholomaeberg.at
Marktgemeinde Deutschfeistritz,resch@deutschfeistritz.gv.at
wien3420 aspern Development AG,
Magistrat Krems an der Donau,c.schrattbauer@schneider-consult.at
Wien 3420 Umwelt und Baulog GmbH,umwelt_baulog_aspern@kwr.at
ZWT Accellerator GmbH,office@rieglerriewe.co.at
Marktgemeinde St. Leonhard am Forst,buergerservice@st-leonhard-forst.gv.at
"Versicherungsanstalt öffentlich Bediensteter, Eisenbahnen und Bergbau (BVAEB)",bvaeb-tg-sanierung@kwr.at
"Versicherungsanstalt öffentlich Bediensteter, Eisenbahnen und Bergbau (BVAEB)",za-feldkirch@kwr.at
Stadtgemeinde Schrems,stefan.apfelthaler@schrems.at
Feuerwehr Melk,melk@feuerwehr.gv.at
Oberösterreichische Gesundheitsholding GmbH,contact.pek@ooeg.at
Gemeinde Muckendorf-Wipfing,office@pfeiller.at
ART for ART Theaterservice GmbH,vergabe@h-i-p.at
Marktgemeinde Lenzing,marktgemeinde@lenzing.or.at
"Höhere technische Bundeslehranstalt Klagenfurt, Mössingerstraße 25",office@htl-klu.at
Gemeinde Seiersberg-Pirka,office@igbk.at
HSI Hartberg Standortentwicklung und Immobilien GmbH & Co KG,weber@geosys.at
Marktgemeinde Erlauf,erlauf@friedensgemeinde.at
Marktgemeinde Maria Enzersdorf,gemeindeamt@mariaenzersdorf.gv.at
Stadtgemeinde Traismauer,Riederer.Thomas@traismauer.at
Reinhalteverband Salzach-Pongau,gf@rhv-salzach-pongau.at
Stadtgemeinde Peuerbach,stadt@peuerbach.ooe.gv.at
BEV - Bundesamt für Eich- und Vermessungsesen - PTP – Physikalisch-technischer Prüfdienst,
Bundesministerium für Finanzen - Sektion I/Gruppe B/Abteilung 3 (Beschaffung & Infrastruktur),
Marktgemeinde Apetlon,post@apetlon.bgld.gv.at
"Bundesministerium für Finanzen - Öffentlichkeitsarbeit, Kommunikation und Protokoll",
"Republik Österreich, vertreten durch die Bundesministerin für Klimaschutz, Umwelt, Energie, Mobilität, Innovation und Technologie, vertreten durch die Landeshauptfrau von Niederösterreich, vertreten durch das Amt der Niederösterreichischen Landesre-gierung, Abteilung Wasserwirtschaft",melanie.maltschnig@porr.at
BEST - Bioenergy and Sustainable Technologies GmbH,katharina.trettnak-hahnl@kwr.at
Fonds zur Förderung der wissenschaftlichen Forschung (FWF),marc.seumenicht@fwf.ac.at
Stadtgemeinde Mariazell,office@ra-wiese.at
Marktgemeinde Kirchbach - Zerlach,riedler@planwerkstadt.cc
Stadtgemeinde Neusield am See,martin.marosits@ib-wachter.at
Gemeinde Aistersheim,r.falk@limag.cc
"""Wiener Frauenhäuser"" - Soziale Hilfen für von Gewalt betroffene Frauen und ihreKinder",vergabe@h-i-p.at
Abfallwirtschaftsverband Liezen,christina.ablasser@awv-liezen.at
NÖ Kulturwirtschaft GesmbH,
Klinikum Freistadt,office@omniahochp.at
Gemeinde Engerwitzdorf,
Marktgemeinde Oggau,office@ibl-zt.at
Wirtschaftspark Burgenland Nord Kittsee-Parndorf Erwerbs- u. Erschließungs-Ges.m.b.H,office@businessparks-burgenland.at
RailNetEurope,miloslav.kogler@rne.eu
Marktgemeinde Neuhofen/Krems,office@ikw-amstetten.at
"Stadtgemeinde Traismauer, Wiener Str. 8, 3133 Traismauer",office@ib-retter.at
VERBUND Energy4Customers GmbH,Mathias.Hofbauer@verbund.com
RHV Neusiedlersee Region Westufer,office@oestap.at
Marktgemeinde Steinbrunn,post@steinbrunn.bgld.gv.at
Gemeinde Gallzein,"gemeinde@gallzein.tirol.gv.at, office@ztmp.at"
Marktgemeinde St. Georgen an der Gusen,gemeinde@st-georgen-gusen.ooe.gv.at
Caritas Österreich,mita.johnson@caritas-austria.at
Gemeinde Andau,r.kaufmann@andau.bgld.gv.at
aed - Agency for Economic Cooperation and Development,office@aed.or.at
Donau Chemie Aktiengesellschaft,
Marktgemeinde St.Andrä-Wördern,peter.ohnewas@staw.at
Gemeinde Gschwandt,buergermeister@gschwandt.ooe.gv.at
VERBUND Hydro Power GmbH,michael.diwis@verbund.com
Marktgemeinde Gaweinstal,office@kraner.at
Marktgemeinde Wiener Neudorf,gemeinde@wiener-neudorf.gv.at
Agrarmarkt Austria,michael.zehetmayer@ama.gv.at
Wiener Zeitung Digitale Publikationen GmbH,antonia.bittermann@liebenwein.eu
Research Center for Non Destructive Testing GmbH,office@recendt.at
Gemeindeverband für Abfallwirtschaft und Abgabeneinhebung im Verwaltungsbezirk Baden („GVA Baden“),
Deutsche Zentrale für Tourismus e.V.,lars.dehne@germany.travel
Marktgemeinde Prottes,peter.klietsch@prottes.gv.at
Österr. Forschungsförderungsgesellschaft mbH.,
Österreichische Galerie Belvedere,katharina.trettnak-hahnl@kwr.at
HochschülerInnenschaft der HTU Graz,vorsitz@htugraz.at
Abwasserverband Hall in Tirol - Fritzens,office@tba-telfs.at
ZWT Accellerator GmbH,
Marktgemeinde Neustadtl/Donau,office@ikw-amstetten.at
Gemeindeverband für Abfallbehandlung Bezirk Bruck/Leitha (GABL),office@gabl.gv.at
"""Wiener Frauenhäuser"" - Soziale Hilfen für von Gewalt betroffene Frauen und ihreKinder",
Stadtgemeinde Fürstenfeld,office@richter-architektur.at
Wassergenossenschaft Rankweil,office@breuss-maehr.at
Österreichische Forschungsförderungsgesellschaft mbH,"felicitas.zacherl@ffg.at, julia.meusburger@ffg.at"
ART for ART Theaterservice GmbH,
Marktgemeinde Kundl,"afg@kundl.tirol.gv.at, michael@egg-co.at"
Gemeindeverband für Umweltschutz und Abgabeneinhebung im Bezirk St.Pölten,freiler@gvu-st.poelten.at
Ludwig Boltzmann Gesellschaft – Österreichische Vereinigung zur Förderung der wissenschaftlichen Forschung,mathilde.wolff@lbg.ac.at
"Republik Österreich vertreten durch das Bundesministerium für Klimaschutz, Umwelt, Energie, Mobilität, Innovation und Technologie",felicitas.zacherl@ffg.at
Gemeindeverband für Abfallbehandlung Bezirk Bruck/Leitha (GABL),
"BG und BRG Völkermarkt, Pestalozzistraße 1",bg-voelk@bildung-ktn.gv.at
VERBUND AG,kinga.kruzlics@verbund.com
Wiener Gesundheitsförderung,office@kinsky-consulting.at
Gemeinde Munderfing,rebekka.krieger@munderfing.ooe.gv.at
Gemeinde Wolfsthal,office@kraner.at
Stadtgemeinde Ebreichsdorf,office@baustudio-hoefer.at
Bundesministerium für Landesverteidigung,ka.5@bmlv.gv.at
Kompetenzzentrum Holz GmbH,"e.zikulnig-rusch@wood-kplus.at, h.lammer@wood-kplus.at"
Marktgemeinde Regau,office@oestap.at
Ludwig Boltzmann Gesellschaft GmbH,
Wirtschaftsagentur Wien. Ein Fonds der Stadt Wien.,
VHP-Salzburg AG Errichtung KW Stegenwald,michael.diwis@verbund.com
Gemeinde Raasdorf,gemeinde@raasdorf.at
EDA Energiewirtschaftlicher Datenaustausch GmbH,beg_eda@kwr.at
IRR Internationale Rheinregulierung,office@breuss-maehr.at
Klima- und Energiemodellregion Elsbeere Wienerwald,office@elsbeere-wienerwald.at
Wirtschaftspark Ybbstal GmbH und Fuchs Metalltechnik GmbH,office@ikw-amstetten.at
"Republik Österreich, vertreten durch das Bundesministerium für Klimaschutz, Umwelt, Energie, Mobilität, Innovation und Technologie",vergabeverfahren@fsm.law
Sportvereinigung Arminen eV,bmst@scharner.com
Veterinärmedizinische Universität Wien,corinna.widorn@vetmeduni.ac.at
Research Center for Non Destructive Testing GmbH,
Marktgemeinde Naarn im Machlande,gemeinde@naarn.ooe.gv.at
aed - Agency for Economic Cooperation and Development,
ZWT Accelerator GmbH,medcampus.zwt2@rieglerriewe.co.at
Stadtgemeinde Purbach,stadtgemeinde@purbach.gv.at
BEST - Bioenergy and Sustainable Technologies GmbH,
"Auftraggeber (AG) ist die Republik Österreich, vertreten durch die Bundesministerin für Klimaschutz, Umwelt, Energie, Mobilität, Innovation und Technologie, Abteilung V/3, vertreten durch den Landeshauptmann von Oberösterreich, vertreten durch die Abteilung Anlagen-, Umwelt- und Wasserrecht",office@gruppewasser.at
Gemeinde Piberbach,
Marktgemeinde Lichtenwörth,harry.muellner@lichtenwoerth.at
Gemeinde Gnadendorf,"office@kienerconsult.at, k.christenheit@gnadendorf.gv.at"
WV Leibnitzerfeld Süd,office@mach-partner.at
Gemeinde Aistersheim,
"Auftraggeber (AG) ist die Republik Österreich, vertreten durch die Bundesministerin für Klimaschutz, Umwelt, Energie, Mobilität, Innovation und Technologie, vertreten durch die Landeshauptfrau von Niederösterreich, vertreten durch die Abteilung Wasserwirtschaft",office@boden-wasser.at
Marktgemeinde Vorderweißenbach,finanz@vorderweissenbach.at
Ludwig Boltzmann Gesellschaft – Österreichische Vereinigung zur Förderung der wissenschaftlichen Forschung,
"Versicherungsanstalt öffentlich Bediensteter, Eisenbahnen und Bergbau (BVAEB)",katharina.trettnak-hahnl@kwr.at
Abwasserverband Serfaus-Pfunds-Tösens,office@tba-telfs.at
Abwasserverband Region Feldkirch,office@tba-telfs.at
Gemeindeverband für Umweltschutz und Abgabeneinhebung im Bezirk St.Pölten,
Businesspark Mittelburgenland GmbH,office@businessparks-burgenland.at
MarGemeinde St.Stefan im Rosental Bildungs-und Freizeiteinrichtungs KG,"gemeinde@st.stefan.at, gemeinde@st.stefan.at"
"Federal Ministry for Climate Action, Environment, Energy, Mobility, Innovation and Technology",vergabeverfahren@fsm.law
Gemeinde St. Leonhard im Pitztal,ernst.partl@kaunergrat.at
Wien 3420 Umwelt und Baulog GmbH,
Ludwig Boltzmann Gesellschaft - österreichische Vereinigung zur Förderung der wissenschaftlichen Forschung,
CeMM Forschungszentrum für Molekulare Medizin GmbH,
Theater Baden Betriebs GmbH,martin.stummvoll@noeku.at
Die Innovationsstiftung für Bildung,
Niederösterreich-Werbung GmbH,Christoph.Henneis@noe.co.at
NÖ BAWU NÖ Beteiligungsgesellschaft für Abfallwirtschaft und Umweltschutz GmbH,office@astepahead-law.at
Fonds zur Förderung der wissenschaftlichen Forschung - FWF,marc.seumenicht@fwf.ac.at
Gemeinde Loipersbach,post@loipersbach.bgld.gv.at
"Republik Österreich vertreten durch das Bundesministerium für Klimaschutz, Umwelt, Energie, Mobilität, Innovation und Technologie",
Niederösterreich-Werbung GmbH,daniela.mayr@noe.co.at
Stadt Krems an der Donau,office@dierechtsanwaelte.at
Businesspark S7 Südburgenland GmbH,office@wirtschaftsagentur-burgenland.at
Stadtgemeinde Neunkirchen,office@kraner.at
Tourismusverband Tiroler Oberland,office@kaunertal.com
"Republik Österreich, vertreten durch die Bundesministerin für Klimaschutz, Umwelt, Energie, Mobilität, Innovation und Technologie, vertreten durch den Landeshauptmann von Kärnten, vertreten durch die Abteilung 8 - Umwelt, Energie und Naturschutz",christian.biermeier@afry.com
Austro Control Österreichische Gesellschaft für Zivilluftfahrt mit beschränkter Haftung,petra.rabitschova@austrocontrol.at
WVB Grazerfeld Süd Ost,office@wasserverband.at
Abwasserverband Grazerfeld,vka@awvgrazerfeld.at
Marktgemeinde Lichtenwörth,gemeindeamt@lichtenwoerth.at
Stadtgemeinde Freistadt,christa.kreindl@freistadt.ooe.gv.at
Stadtgemeinde Traun,harald.hoeglinger@traun.at
Agrarmarkt Austria,
OeAD-GmbH Agentur für Bildung und Internationalisierung,
Marktgemeinde Klein-Pöchlarn,office@kleinpoechlarn.at
Fachverband Metalltechnische Industrie,schicker@fmti.at
Fonds zur Förderung der wissenschaftlichen Forschung (FWF),Susanne.springer-briem@fwf.ac.at
Österreichische Post AG,tamara.petrovic@post.at
"Santesis Technisches Gebäudemanagement & Service GmbH A-1060 Wien, Gumpendorferstraße 108 im Namen der Krankenfürsorgeanstalt der Bediensteten der Stadt Wien",
Bildungsdirekion Salzburg,
Veterinärmedizinische Universität Wien,katharina.trettnak-hahnl@kwr.at
"The Republic of Austria, represented by the Federal Ministry of Climate Action, Environment, Energy, Mobility, Innovation and Technology",
Bundesministerium Finanzen,
Fonds zur Förderung der wissenschaftlichen Forschung - FWF,
Stadtgemeinde Klosterneuburg,"abwasser@klosterneuburg.at, michael@egg-co.at"
NÖ BAWU NÖ Beteiligungsgesellschaft für Abfallwirtschaft und Umweltschutz GmbH,
Stadtgemeinde Gänserndorf,"infrastruktur@gaenserndorf.at, office@kienerconsult.at"
Wirtschaftsuniversität Wien - Campusmanagement,Gregor.Bauer@wu.ac.at
"Wirtschaftskammer Kärnten, BgA Vermietung und Verpachtung","renate.safron@wkk.or.at, alexander.schmidt@wkk.or.at"
Stadtgemeinde Hollabrunn,leeb@hollabrunn.gv.at
Gemeinde Fernitz-Mellach,vka@awvgrazerfeld.at
Gemeinde Bürs,office@breuss-maehr.at
Wiener Zeitung GmbH,office@liebenwein.eu
"Federal Ministry for Climate Action, Environment, Energy, Mobility, Innovation and Technology",
Fonds zur Förderung der wissenschaftlichen Forschung (FWF),
Stadt Krems an der Donau,
Städtische Betriebe Rottenmann GmbH,kapfenberg@mach-partner.at
"Stadtgemeinde Klosterneuburg, GA IV/5 Abwasserentsorgung, Rathausplatz 1, 3400 Klosterneuburg",abwasser@klosterneuburg.at
Gemeindeabwasserverband Mittleres Schmidatal,tomas.pachner@grossweikersdorf.gv.at
Veterinärmedizinische Universität,
Energy Community Secretariat,tetiana.zhmudenko@energy-community.org
Marktgemeinde Großweikersdorf,tomas.pachner@grossweikersdorf.gv.at
Wasserverband Kurbezirk Bad Hall,office@zt-weichselbaumer.at
Veterinärmedizinische Universität Wien,hannes.maurer@vetmeduni.ac.at
Marktgemeinde St.Stefan im Rosental Bildungs-und Freizeiteinrichtungs KG,gemeinde@st.stefan.at
WIPUR Wirtschaftsbetriebe der Stadt Purkersdorf GmbH,werner.prochaska@wipur.net
Wasserverband Lochen-Mattsee-Palting,gemeinde@lochen.ooe.gv.at
Markgemeinde St.Stefan im Rosental Bildungs- und Freizeiteinrichtungs KG,gemeinde@st.stefan.at
WNM Wein Niederösterreich Marketing GmbH,
Marktgemeinde Eberschwang,gemeinde@eberschwang.ooe.gv.at
Wassergenossenschaft Weinbergl,office@pfeiller.at
Österr. Forschungsförderungsgesellschaft mbH,recht@ffg.at
Magistrat Waidhofen/Ybbs,office@ikw-amstetten.at
Sozialversicherungs-Chipkarten Betriebs- und Errichtungsgesellschaft - SVC,vergabeverfahren@svc.co.at
Stadtgemeinde Traismauer,riederer.thomas@traismauer.at
Stadtgemeinde Leonding,martina.modl@leonding.at
Marktgemeinde Zwentendorf,manuela.boeck@zwentendorf-donau.gv.at
Marktgemeinde Palterndorf-Dobermannsdorf,office@kraner.at
Gemeinde Göttlesbrunn-Arbesthal,ztbuero@paikl.at
Marktgemeinde Naarn im Machlande,
Österreichische Post AG,rene.leitner-paulitsch@post.at
Gemeinde Regau,bauamt@regau.ooe.gv.at
AWV Raum Frohnleiten,kapfenberg@mach-partner.at
Marktgemeinde Unterweißenbach,marktgemeinde@untereweissenbach.ooe.gv.at
Stadtgemeinde Leonding,michael.neissl@leonding.at
Marktgemeinde Gröbming,marktgemeinde@groebming.at
Marktgemeinde Hausleiten,"gemeinde@hausleiten.gv.at, kanzlei@zt-grand.at"
Gemeinde Grünburg,gemeinde@gruenburg.ooe.gv.at
Wasserverband Mürzverband undAbfallwirtschaftsverband Mürzverband,weber@geosys.at
Austrian Research Promotion Agency (Österreichische Forschungsförderungsgesellschaft mbH - FFG),vergabeverfahren@fsm.law
Österreichische Post AG,cecilia.alexy@post.at
Stadtgemeinde Freistadt Eisenstadt,technik@eisenstadt.at
Wiener Gesundheitsförderung gemeinnützige GmbH,office@kinsky-consulting.at
"Höhere Bundelsehranstalt für wirtschaftliche Berufe ""DIE WI`MO"" Klagenfurt",office@diewimo.at
"Höhere technische Bundeslehranstalt Klagenfurt, Mössingerstraße 25",hubert.lutnik@htl-klu.at
Austrian Development Agency,GAIA-Procurement@ada.gv.at
VERBUND AG,tanja.weiser@verbund.com
Marktgemeinde Schwadorf,bauaumt@schwadorf.gv.at
"Wassergenossenschaft Neuhaus - Trinkwasser, Geschäftsführerin: Marianne Koppendorfer",office@ikw-amstetten.at
Forsttechn. Dienst für Wildbach- und Lawinenverbauung,office@perzplan.at
"Auftraggeber (AG) ist die Republik Österreich, vertreten durch das Bundesministerium für Klimaschutz, Umwelt, Energie, Mobilität, Innovation und Technologie, Abteilung V/3, vertreten durch die Landeshauptfrau von Niederösterreich, vertreten durch die Abteilung Wasserwirtschaft",office@gruppewasser.at
Marktgemeinde Neuhofen/Ybbs,gemeinde@neuhofen-ybbs.at
Stammadresse,vergabeverfahren@svc.co.at
FF Reisenberg,reisenberg@feuerwehr.gv.at
EUREGIO HtBLuVA Ferlach,direktion@htl-ferlach.at
Österreichisch-Bayerische Kraftwerke AG,joerg.schreiner@verbund.com
Österr. Forschungsförderungsgesellschaft mbH,felicitaszacherl@ffg.at
Wiener Gesundheitsförderung,
Gemeinde Piberbach,gemeinde@piberbach.at
"Marktgemeinde Schwarzenau, Waidhofnerstraße 2,3900 Schwarzenau",office@ib-retter.at
"Land Niederösterreich, p.A. Amt der NÖ-Landesregierung, Abteilung Sanitäts- und  Krankenanstaltenrecht",
Marktgemeinde Göllersdorf,gemeinde@goellersdorf.gv.at
"Bundesministerin für Klimaschutz, Umwelt, Energie, Mobilität, Innovation und Technologie vertreten durch das Amt der Oberösterreichischen Landesregierung, Direktion Umwelt und Wasserwirtschaft, Abteilung Anlagen-Umwelt- und Wasserrecht, Kärntner Straße 10-12, 4021 Linz",v.brandner@blpgeo.at
Dachverband der Sozialversicherungsträger,vergabeverfahren@svc.co.at
Die NÖ Umweltverbände,office@astepahead-law.at
ÖBB Personenverkehr AG,
A.ö. Bezirkskrankenhaus St. Johann in Tirol,gschwandtner@khsj.at
Krankenfürsorgeanstalt der Bediensteten der Stadt Wien (KFA),kundendienst@kfawien.at
Wiener Zeitung GmbH,Antonia.Bittermann@liebenwein.eu
Marktgemeinde Altmünster,alexander.strobl@altmuenster.ooe.gv.at
Gemeinde Klaus an der Pyhrnbahn,office@ikw-amstetten.at
Marktgemeinde Gars am Kamp,"gemeinde@gars.at, kanzlei@zt-grand.at"
ecoplus. Niederösterreichische Wirtschaftsargentur GmbH,"office@oestap.at, ramstorfer@oestap.at"
"Auftraggeber (AG) ist die Republik Österreich, vertreten durch die Bundesministerin für Klimaschutz, Umwelt, Energie, Mobilität, Innovation und Technologie, Abteilung V/3, vertreten durch den Landeshauptmann von Oberösterreich, vertreten durch die Abteilung Anlagen-, Umwelt- und Wasserrecht",
ÖBB Immobilienmanagement GmbH,
Innsbrucker Soziale Dienste GmbH,"gf@isd.or.at, office@fabricatio.at"
Freiwillige Feuerwehr Maria Jeutendorf - Mauterheim,knabby12@gmx.at
NÖ BAWU NÖ Beteiligungsgesellschaft für Abfallwirtschaft und Umweltschutz GmbH,herbert.permoser@bawu.at
Agency for Economic Cooperation and Development,
Stadtgemeinde Hardegg,"stadtgemeinde@hardegg.gv.at, benda@oestap.at"
Marktgemeinde Mettmach,reichinger@mettmach.ooe.gv.at
Gemeinde Zelking-Matzleinsdorf,office@ikw-amstetten.at
Freiwillige Feuerwehr der Stadt Hollabrunn,christian.holzer@feuerwehr.gv.at
Marktgemeinde St. Georgen/Ybbsfelde,office@ikw-amstetten.at
Marktgemeinde Taufkirchen,r.falk@limag.cc
Medizinische Universität Innsbruck,wolfgang.lentsch@uibk.ac.at
GAV Oberer Weidenbach,office@kraner.at
itworks Personalservice & Beratung gGmbH,magdalena.byma-tschmelak@oesb-gruppe.com
Fonds zur Förderung der wissenschaftlichen Forschung - FWF,Falk.Reckling@fwf.ac.at
Universität Innsbruck,"Wolfgang.Lentsch@uibk.ac.at, Yesim.Eraslan@uibk.ac.at"
Die NÖ Umweltverbände,
Universität Innsbruck,"yesim.eraslan@uibk.ac.at, wolfgang.lentsch@uibk.ac.at"
"Auftraggeber (AG) ist die Republik Österreich, vertreten durch das Bundesministerium für Klimaschutz, Umwelt, Energie, Mobilität, Innovation und Technologie, Abteilung V/3, vertreten durch die Landeshauptfrau von Niederösterreich, vertreten durch die Abteilung Wasserwirtschaft",
Innsbrucker Soziale Dienste GmbH,"gf@isd.or.at, k.becke@isd.or.at"
FF Wr. Neustadt,N21401@feuerwehr.gv.at
Thomas Gschösser,info@alpbachtal2050.at
Gemeinde Kramsach,info@alpbachtal2050.at
A.ö. Bezirkskrankenhaus St. Johann in Tirol,
Dachverband der Sozialversicherungsträger,
Marktgemeinde Velden am Wörthersee,heinz.rossmann@integral-zt.at
Marktgmeinde Frankenburg am Hausruck,elfriede.hollnbuchner@frankenburg.ooe.gv.at
Marktgemeinde Brunn am Gebirge,h.pertl@brunnamgebirge.gv.at
Marktgemeinde Unterweißenbach,marktgemeinde@unterweissenbach.ooe.gv.at
Verkehrsverbund Ost-Region (VOR) GmbH,ausschreibungen@vor.at
Rußbach Wasserverband,post.wa3weinviertel@noel.gv.at
Gemeinde Alberndorf in der Riedmark,gemeinde@alberndorf.ooe.gv.at
Stadtgemeinde Altheim,office@altheim.ooe.gv.at
Gemeinde Lochen,gemeinde@lochen.ooe.gv.at
Austrian Research Promotion Agency (Österreichische Forschungsförderungsgesellschaft mbH - FFG),
Sozialversicherungsanstalt der Selbständigen,kathrin.mayrhofer@svs.at
Marktgemeinde Reichenthal,amtsleitung@reichenthal.at
Marktgemeinde Tullnerbach,office@kraner.at
"Bundesministerium für Klimaschutz, Umwelt, Energie, Mobilität, Innovation und Technologie vertreten durch das Amt der Niederösterreichischen Landesregierung, Abt. WA 2, vertreten durch blp GeoServices GmbH",r.prantl@blpgeo.at
Autobahnen- und Schnellstraßen-Finanzierungs-Aktiengesellschaft,christian.siebenhofer@asfinag.at
Marktgemeinde Aflenz,office@igbk.at
Gemeinde Palting,r.falk@limag.cc
Gemeinde Lanzendorf,ausschreibung@wg-a.com
Research Center for Non Destructive Testing GmbH,edgar.scherleitner@recendt.at
Marktgemeinde Kundl,"tiefbau@kundl.tirol.gv.at, michael@egg-co.at"
Marktgemeinde Königswiesen,marktgemeinde@koenigswiesen.at
Marktgemeinde Mauerkirchen,amtsleitung@mauerkirchen.ooe.gv.at
Stadtgemeinde Bruck/Leitha,ztbuero@paikl.at
Gemeindeverband für Abgabeneinhebung und Umweltschutz im Bezirk Krems,wildpert@gvkrems.at
Businesspark S7 Südburgenland GmbH,office@wirtschaftsargentur-burgenland.at
Universität Innsbruck,"Yesim.Eraslan@uibk.ac.at, Wolfgang.Lentsch@uibk.ac.at"
"Österreichische Galerie Belvedere, Wissenschaftliche Anstalt öffentlichen Rechts",katharina.trettnak-hahnl@kwr.at
regioL Regionalmanagement Bezirk Landeck,info@regiol.at
Gemeinde Tschagguns,gemeinde@tschagguns.at
Gemeinde Kappl,vizebuergermeister@kappl.tirol.gv.at
Marktgemeinde Bad Zell,gemeinde@bad-zell.ooe.gv.at
„Wiener Frauenhäuser“ – soziale Hilfen  für von Gewalt betroffene Frauen und ihre Kinder,
Tourismusverband Serfaus-Fiss-Ladis,k.lentsch@serfaus-fiss-ladis.at
A.ö. Bezirkskrankenhaus Kufstein,office@mtpgmbh.at
Technische Universität Graz,e-vergabe@tugraz.at
"Universität Innsbruck, Abteilung Budget und Controlling","Wolfgang.Lentsch@uibk.ac.at, Yesim.Eraslan@uibk.ac.at"
Regionalmanagement Landeck,info@regiol.at
FF Wr. Neustadt,
Marktgemeinde Schwadorf,
Gemeinde Wildermieming,info@kanzleigstrein.at
Gemeinde Gschwandt,gemeinde@gschwandt.ooe.gv.at
Gemeindeverband für Abgabeneinhebung und Umweltschutz im Bezirk Krems,
Gemeinde Zeiselmauer-Wolfpassing,gemeinde@zeiselmauer.gv.at
"Österreichische Galerie Belvedere, Wissenschaftliche Anstalt öffentlichen Rechts",
Gemeinde Schlierbach,al@schlierbach.at
Medizinische Universität Innsbruck,"Wolfgang.Lentsch@uibk.ac.at, Yesim.Eraslan@uibk.ac.at"
Stadtgemeinde Traun,
itworks Personalservice & Beratung gGmbH,
